player_id,player_name,country
00001,Brehm/ Hubbard,
00007,Kim/ Bae,
00008,Yu/ Pan,
00009,Higgo/ Fox,
00011,Merritt/ Streb,
00012,Hardy/ Riley,
00013,Hoge/ McNealy,
00016,Wu/ Lower,
00018,Coody/ Coody,
00020,Hoffman/ Watney,
00021,Wallace/ Olesen,
00024,Højgaard/ Højgaard,
00027,Hall/ Piercy,
00030,Eckroat/ Gotterup,
00031,Moore/ NeSmith,
00032,Cole/ Cochran,
00033,Lee/ Kim,
00035,Young/ Martin,
00037,Meissner/ Smotherman,
00038,Suh/ Hoey,
00040,Blair/ Fishburn,
00041,Silverman/ Dougherty,
00044,Putnam/ Highsmith,
00050,Phillips/ Bridgeman,
00051,Detry/ MacIntyre,
00054,Lashley/ Campos,
00055,Molinari/ Donald,
00058,List/ Norlander,
00061,Streelman/ Laird,
00066,Yuan/ Dou,
00070,Kisner/ Brown,
00072,Conners/ Pendrith,
00074,Xiong/ McCormick,
00075,Taylor/ Hadwin,
00078,Rai/ Lipsky,
00079,Kraft/ Tway,
00080,Ghim/ Kim,
00084,Theegala/ Zalatoris,
00086,Kohles/ Kizzire,
00087,McIlroy/ Lowry,
00088,Tarren/ Skinns,
00089,Garnett/ Straka,
00090,Horschel/ Alexander,
00091,Taylor/ O'Hair,
00093,Springer/ Whitney,
00097,Johnson/ Palmer,
00099,Echavarria/ Greyserman,
00104,Smalley/ Schmid,
00105,Pereda/ Cook,
00106,Spaun/ Buckley,
00107,Mitchell/ Dahmen,
00110,Stevens/ Barjon,
00112,Fitzpatrick/ Fitzpatrick,
00114,Chappell/ Dufner,
00120,Montgomery/ Griffin,
00122,Stanger/ Dumont de Chassart,
00124,Malnati/ Knox,
00126,Ramey/ Trainer,
00129,Shelton/ Furr,
00132,Berger/ Perez,
00135,Thompson/ Novak,
00138,Whaley/ Long,
00140,Cantlay/ Schauffele,
00141,Morikawa/ Kitayama,
00151,Barnes/ Endycott,
00155,Reavie/ Snedeker,
00156,Gutschewski/ Byrd,
00157,Vegas/ Burgoon,
00159,"Tosti/ Potter, Jr.",
00160,Norrman/ Campillo,
00161,"Hale, Jr./ Haley II",
00162,Sigg/ Hadley,
00163,Crowe/ Higgs,
00166,Sloan/ Teater,
00171,Hossler/ Ryder,
00172,Kuchar/ Stricker,
00175,Champ/ Daffue,
00177,Woodland/ Hodges,
00180,Wu/ Nicholas,
00183,Lawrence/ Potgieter,
01006,John Adams,United States
01007,Sam Adams,United States
01014,Fulton Allem,South Africa
01024,Billy Andrade,USA
01030,Isao Aoki,Japan
01035,Tommy Armour III,United States
01036,Wally Armstrong,United States
01042,Paul Azinger,United States
01049,Ian Baker-Finch,Australia
01060,Dave Barr,Canada
01068,Andy Bean,United States
01072,Chip Beck,United States
01076,Deane Beman,United States
01078,Jim Benepe,United States
01093,Ronnie Black,United States
01095,Woody Blackburn,United States
01096,Phil Blackmar,United States
01098,Jay Don Blake,USA
01099,Homero Blancas,United States
01116,Michael Bradley,United States
01132,Mark Brooks,United States
01133,Billy Ray Brown,United States
01135,Ken Brown,England
01139,Olin Browne,USA
01142,Bart Bryant,United States
01143,Brad Bryant,United States
01150,George Burns,United States
01155,Bob Byman,United States
01156,Curt Byrum,United States
01157,Tom Byrum,United States
01161,Mark Calcavecchia,USA
01162,Rex Caldwell,United States
01175,Jim Carter,United States
01180,Ron Cerrudo,United States
01185,Brandel Chamblee,United States
01192,T.C. Chen,Chinese Taipei
01197,Bobby Clampett,United States
01200,Keith Clearwater,USA
01201,Lennie Clements,United States
01203,Russ Cochran,United States
01205,Jim Colbert,United States
01206,Bobby Cole,South Africa
01214,Frank Conner,United States
01215,Charles Coody,United States
01219,John Cook,United States
01226,Fred Couples,USA
01233,Bruce Crampton,Australia
01235,Ben Crenshaw,United States
01242,Rod Curl,United States
01249,John Daly,USA
01261,Jay Delsing,United States
01266,Clark Dennis,United States
01268,Jim Dent,United States
01269,Bruce Devlin,Australia
01274,Bob Dickson,United States
01275,Terry Diehl,United States
01277,Terry Dill,United States
01282,Trevor Dodds,Namibia
01284,Mike Donald,United States
01288,Ed Dougherty,United States
01290,Dale Douglass,United States
01303,Bob Eastwood,United States
01305,Danny Edwards,United States
01306,David Edwards,United States
01307,Joel Edwards,United States
01310,Dave Eichelberger,United States
01312,Lee Elder,United States
01313,Steve Elkington,Australia
01320,Bob Estes,United States
01323,Brad Fabel,United States
01329,Brad Faxon,United States
01331,Rick Fehr,United States
01334,Keith Fergus,United States
01337,Jim Ferree,United States
01345,Dow Finsterwald,United States
01346,Ed Fiori,United States
01350,Pat Fitzsimons,United States
01352,Marty Fleckman,United States
01353,Bruce Fleisher,United States
01355,Raymond Floyd,United States
01361,Dan Forsman,United States
01363,John Fought,United States
01374,Robin Freeman,United States
01378,David Frost,RSA
01381,Fred Funk,United States
01385,"Jim Gallagher, Jr.",United States
01388,Robert Gamez,USA
01390,Buddy Gardner,United States
01401,Al Geiberger,United States
01408,Kelly Gibson,United States
01412,Gibby Gilbert,United States
01414,Bob Gilder,United States
01416,Chad Ginn,United States
01418,Bill Glasson,United States
01421,Randy Glover,United States
01422,Bob Goalby,United States
01425,Ernie Gonzalez,United States
01436,David Graham,Australia
01444,Ken Green,United States
01450,Gary Groh,United States
01457,Jay Haas,United States
01468,Gary Hallberg,United States
01473,Todd Hamilton,USA
01474,Laurie Hammer,United States
01475,Donnie Hammond,United States
01477,Phillip Hancock,United States
01486,Labron Harris,United States
01487,Jeff Hart,United States
01495,Morris Hatalsky,United States
01502,Jerry Heard,United States
01510,Nolan Henke,United States
01522,Lon Hinkle,United States
01524,Larry Hinson,United States
01525,Babe Hiskey,United States
01527,Scott Hoch,United States
01547,Reed Hughes,USA
01549,Mike Hulbert,United States
01553,John Huston,USA
01556,Joe Inman,United States
01557,John Inman,United States
01559,Hale Irwin,United States
01562,Don Iverson,United States
01569,Peter Jacobsen,USA
01570,Tommy Jacobs,United States
01571,Barry Jaeckel,United States
01576,Don January,United States
01577,Lee Janzen,United States
01578,Tom Jenkins,United States
01590,Al Johnston,United States
01591,Bill Johnston,United States
01592,Tony Johnstone,Zimbabwe
01597,Grier Jones,United States
01599,Steve Jones,USA
01604,Steve Jurgensen,USA
01611,Richie Karl,United States
01619,Skip Kendall,USA
01633,Tom Kite,United States
01639,Kenny Knox,United States
01641,Gary Koch,United States
01648,Billy Kratzert,United States
01666,Bernhard Langer,GER
01677,Tom Lehman,USA
01682,Wayne Levi,United States
01685,J.L. Lewis,United States
01692,Pat Lindsey,United States
01701,Bob Lohr,United States
01703,Lyn Lott,United States
01706,Davis Love III,USA
01707,Steve Lowery,United States
01714,Bob Lunn,United States
01715,Mark Lye,United States
01717,Sandy Lyle,SCO
01723,Andrew Magee,United States
01724,Jeff Maggert,United States
01725,John Mahaffey,United States
01736,Roger Maltbie,United States
01746,Fred Marti,United States
01753,Rik Massengale,United States
01755,Dick Mast,United States
01761,Len Mattiace,United States
01763,Billy Maxwell,United States
01766,Billy Mayfair,United States
01771,Blaine McCallister,United States
01772,Bob McCallister,United States
01779,Gary McCord,United States
01782,Mike McCullough,United States
01783,Mark McCumber,United States
01786,Jerry McGee,United States
01790,Pat McGowan,United States
01793,Mac McLendon,United States
01797,Rocco Mediate,United States
01810,Phil Mickelson,USA
01814,Allen Miller,United States
01815,Johnny Miller,United States
01821,Jeff Mitchell,United States
01823,Larry Mize,USA
01837,Gil Morgan,United States
01838,Mike Morley,United States
01851,Bob Murphy,United States
01861,Jim Nelford,Canada
01864,Larry Nelson,United States
01865,Dwight Nevil,United States
01866,Jack Newton,Australia
01867,Bobby Nichols,United States
01869,Jack Nicklaus,United States
01871,Mike Nicolette,United States
01873,Tom Nieporte,United States
01876,Greg Norman,Australia
01877,Tim Norris,United States
01878,Andy North,United States
01884,Mac O'Grady,United States
01887,Mark O'Meara,United States
01891,David Ogrin,United States
01897,Peter Oosterhuis,England
01920,Craig Parry,Australia
01925,Jerry Pate,United States
01926,Steve Pate,United States
01927,Dennis Paulson,United States
01928,Corey Pavin,USA
01938,David Peoples,United States
01941,Tom Pernice Jr.,United States
01943,Chris Perry,United States
01945,Kenny Perry,United States
01948,Tim Petrovic,United States
01949,Mark Pfeil,United States
01955,Gary Player,South Africa
01958,Dan Pohl,United States
01960,Don Pooley,United States
01962,Johnny Pott,United States
01964,Greg Powers,United States
01968,Nick Price,Zimbabwe
01975,Tom Purtzer,United States
01978,Fran Quinn,USA
01984,Sam Randolph,United States
01994,Victor Regalado,Mexico
01996,Mike Reid,United States
01997,Steve Reid,United States
01998,Jack Renner,United States
02007,Larry Rinker,United States
02010,Loren Roberts,United States
02015,Chi Chi Rodriguez,United States
02016,Bill Rogers,United States
02023,Clarence Rose,United States
02033,Dave Rummells,United States
02041,Bill Sander,United States
02049,Gene Sauers,United States
02064,John Schroeder,United States
02067,Ted Schulz,United States
02083,Tom Shaw,United States
02084,Bob Shearer,Australia
02090,Tom Sieckmann,United States
02093,R.H. Sikes,United States
02094,Tony Sills,United States
02099,Scott Simpson,United States
02100,Tim Simpson,United States
02101,Joey Sindelar,United States
02104,Jeff Sluman,United States
02105,Bob Smith,United States
02106,Chris Smith,United States
02110,Jerry Smith,United States
02118,J.C. Snead,United States
02120,Ed Sneed,United States
02130,Steve Spray,United States
02131,Mike Springer,United States
02133,Craig Stadler,United States
02135,Mike Standly,United States
02152,Dave Stockton,United States
02159,Curtis Strange,United States
02160,Ron Streck,United States
02167,Mike Sullivan,United States
02170,Hal Sutton,United States
02185,Lance Ten Broeck,United States
02190,Doug Tewell,United States
02195,Leonard Thompson,United States
02197,Rocky Thompson,United States
02201,Jim Thorpe,United States
02206,David Toms,United States
02208,Bob Toski,United States
02213,Lee Trevino,United States
02214,Kirk Triplett,United States
02218,Ted Tryba,United States
02223,Bob Tway,United States
02224,Greg Twiggs,United States
02225,Howard Twitty,United States
02230,Stan Utley,United States
02239,Scott Verplank,United States
02241,Bobby Wadkins,United States
02242,Lanny Wadkins,United States
02244,Fred Wadsworth,United States
02245,Grant Waite,New Zealand
02246,Duffy Waldorf,United States
02255,Denis Watson,Zimbabwe
02256,Tom Watson,United States
02259,Bert Weaver,United States
02260,DeWitt Weaver,United States
02267,D.A. Weibring,United States
02268,Tom Weiskopf,United States
02279,Mark Wiebe,United States
02294,Willie Wood,United States
02300,Ian Woosnam,WAL
02321,Fuzzy Zoeller,United States
02322,Richard Zokol,Canada
06004,Stephen Ames,Canada
06012,Greg Kraft,United States
06034,Marco Dawson,United States
06044,Scott Gump,United States
06078,Esteban Toledo,Mexico
06090,Jim McGovern,United States
06132,Sonny Skinner,USA
06197,Michael Allen,United States
06214,Guy Boros,USA
06251,Chris DiMarco,United States
06306,Tony Jacklin,England
06332,Neal Lancaster,United States
06373,José María Olazábal,ESP
06514,Kevin Johnson,United States
06515,Shaun Micheel,USA
06522,Ernie Els,RSA
06527,Steve Stricker,USA
06567,Vijay Singh,Fiji
06573,Brandt Jobe,United States
06575,Dudley Hart,United States
06581,David Sutherland,United States
06583,Roy Pace,United States
06595,Kevin Sutherland,United States
06617,Brian Henninger,United States
06621,Joe Durant,United States
06643,Paul Goydos,United States
06731,Jeff Roth,USA
06809,Bob Burns,United States
07003,"David Berganio, Jr.",United States
07013,"Wes Short, Jr.",United States
07223,Brian Bateman,United States
07235,John Morse,United States
07363,Craig Bowden,United States
07457,Steve Flesch,United States
07569,Mark Carnevale,United States
07749,Brett Quigley,United States
07867,Woody Austin,United States
07941,Mike Grob,United States
08075,Jerry Kelly,United States
08123,Jeff Brehaut,United States
08337,Mike Heinen,United States
08339,Spike McRoy,United States
08375,Paul Stankowski,USA
08385,Omar Uresti,USA
08533,Gibby Gilbert III,United States
08535,Gary Nicklaus,United States
08537,J.P. Hayes,United States
08547,John Maginnes,United States
08725,Tom Gillis,United States
08793,Tiger Woods,United States
08931,Glen Day,United States
09011,David Duval,USA
09025,Robert Zimmerman,United States
09071,David Gilford,England
10109,Chris Stutts,United States
10117,Bob Heintz,United States
10145,Tom Hearn,United States
10195,Tim Conley,United States
10201,Matt Gogel,USA
10207,Jimmy Johnston,United States
10213,Dicky Pride,USA
10375,Sean McCarty,USA
10381,Curtis Thompson,USA
10423,Mike Weir,CAN
10425,Jay Williamson,United States
10457,Frank Nobilo,New Zealand
10505,Shane Bertsch,USA
10565,Ian Leggatt,Canada
10585,Scott McCarron,United States
10649,Tom Scherrer,United States
10733,Kent Jones,United States
10809,Jim Furyk,USA
10860,Justin Leonard,United States
10875,Todd Demsey,United States
10885,Robert Allenby,AUS
10912,Craig Perks,New Zealand
10944,Thomas Bjørn,
11032,Frank Lickliter II,USA
11123,Chris Couch,USA
11127,Stephen Dodd,WAL
11563,Kim Swan,BER
12195,Tom Johnson,USA
12309,Bob Sowards,USA
12388,Michael Clark II,United States
12454,Mario Tiziani,United States
12510,Chad Campbell,USA
12602,Dean Wilson,United States
12645,Brent Geiberger,United States
12652,Cameron Beckman,USA
12660,Jesper Parnevik,Sweden
12663,Phil Tataurangi,New Zealand
12680,Shigeki Maruyama,Japan
12716,Charley Hoffman,United States
12730,John Harris,United States
12782,Tim Herron,USA
12794,Tim Weinhart,USA
12823,Carlos Franco,PAR
19795,Kelly Mitchum,USA
19803,Ryan Armour,USA
19824,Craig Barlow,United States
19825,Darren Clarke,NIR
19846,Brian Gay,United States
19881,Robert Damron,United States
19904,Paul Lawrie,SCO
19958,Miguel Angel Jiménez,Spain
19972,José Coceres,Argentina
20029,Notah Begay III,United States
20070,Matt Bettencourt,United States
20094,Jonathan Kaye,USA
20095,Carl Paulson,United States
20098,Stuart Appleby,Australia
20104,Ken Duke,USA
20105,Jeff Gove,United States
20127,Chris Riley,United States
20157,Retief Goosen,South Africa
20160,Charlie Wi,USA
20213,Katsumasa Miyamoto,Japan
20218,Shingo Katayama,Japan
20229,Stewart Cink,USA
20376,Stephen Gallacher,SCO
20396,Lee Westwood,England
20433,Mark Hensby,Australia
20436,Garrett Willis,United States
20472,Alex Cejka,Germany
20498,Briny Baird,United States
20569,Richard Green,Australia
20572,Rod Pampling,AUS
20580,Andre Stolz,Australia
20593,Greg Chalmers,Australia
20608,David Howell,England
20628,Arron Oberholser,United States
20634,Peter Lonard,Australia
20645,John Senden,Australia
20691,Greg Owen,England
20698,Adilson da Silva,Brazil
20721,Darren Fichardt,South Africa
20723,Peter Wilson,Australia
20766,Padraig Harrington,Ireland
20771,Steven Alker,NZL
20802,Jean Hugo,South Africa
20848,Ángel Cabrera,ARG
20850,Daniel Chopra,SWE
20935,Toru Taniguchi,Japan
21007,Gabriel Hjertstedt,Sweden
21209,Sergio Garcia,Spain
21284,Hiroyuki Fujita,Japan
21339,Keith Horne,South Africa
21350,Ryuji Imada,JPN
21407,Arjun Atwal,India
21498,Hideto Tanihara,Japan
21528,Henrik Stenson,SWE
21593,Keith Nolan,Ireland
21633,Steve Allan,AUS
21731,Freddie Jacobson,Sweden
21753,Brian Davis,ENG
21805,Harrison Frazar,USA
21878,Mark Wilson,USA
21949,Joe Ogilvie,United States
21959,Ted Purdy,USA
21961,Charles Howell III,United States
22000,Chris Wood,England
22032,Tomohiro Kondo,Japan
22046,Geoff Ogilvy,AUS
22056,Cameron Percy,Australia
22078,Mikael Lundberg,Sweden
22110,Thaworn Wiratchant,Thailand
22293,Heath Slocum,USA
22371,Aaron Baddeley,Australia
22378,Trevor Immelman,South Africa
22400,Hennie Otto,South Africa
22402,Ulrich Van den Berg,South Africa
22405,Justin Rose,England
22417,Jay Choi,United States
22548,Patrick Sheehan,United States
22621,Ben Curtis,United States
22764,Michael Block,USA
22892,Jason Gore,USA
22896,Grégory Havret,France
22913,John Rollins,USA
22951,Azuma Yano,Japan
22986,Søren Kjeldsen,Denmark
23048,Eric Axley,USA
23063,Scott Hend,Australia
23091,Alan Morin,USA
23108,Matt Kuchar,United States
23135,Tim Clark,South Africa
23175,Timothy O'Neal,USA
23218,Joe Summerhays,USA
23305,"Frank Bensel, Jr.",USA
23320,Ryan Palmer,United States
23322,Brett Wetterich,United States
23325,Vaughn Taylor,USA
23338,David Gossett,United States
23353,J.J. Henry,USA
23373,Michael Hoey,Northern Ireland
23452,Nicolas Colsaerts,Belgium
23481,Marcel Siem,Germany
23497,Tag Ridings,United States
23531,Tracy Vest,USA
23540,Jason Allred,United States
23541,Ben Crane,USA
23548,Bill Lunde,United States
23614,Rich Beem,USA
23621,Rory Sabbatini,SVK
23623,Bo Van Pelt,USA
23638,Brendon de Jonge,ZIM
23656,Jason Caron,United States
23718,Nathan Green,Australia
23725,Brendan Jones,Australia
23778,Brad Adamonis,USA
23788,D.J. Trahan,USA
23800,Bryce Molder,United States
23802,Brad Kennedy,Australia
23814,Edoardo Molinari,Italy
23821,Yusaku Miyazato,Japan
23983,Luke Donald,England
24024,Zach Johnson,United States
24039,Prom Meesawat,Thailand
24077,Matthew Millar,Australia
24083,Marcus Fraser,Australia
24138,Ian Poulter,England
24140,Sean O'Hair,USA
24179,David Drysdale,Scotland
24218,Han Lee,United States
24219,Wes Heffernan,CAN
24321,Kodai Ichihara,Japan
24357,K.J. Choi,KOR
24358,Robert Garrigus,USA
24361,Pat Perez,United States
24449,Parker McLachlin,USA
24457,Jaco Van Zyl,South Africa
24459,Richard Sterne,South Africa
24461,Thomas Aiken,South Africa
24463,Trevor Fisher Jr,South Africa
24490,George McNeill,United States
24494,Erik Compton,USA
24502,Adam Scott,Australia
24507,Jason Bohn,USA
24580,Rahil Gangjee,India
24663,Y.E. Yang,KOR
24671,David Bradshaw,USA
24748,WC Liang,China
24781,Hunter Mahan,United States
24846,Ricky Barnes,USA
24912,Will MacKenzie,USA
24924,Bill Haas,United States
24925,Jonathan Byrd,United States
24964,Ryan Vermeer,USA
24980,Scott Gutschewski,USA
25052,Derek Gillespie,Canada
25132,Cho Min-jun,Republic of Korea
25191,Gonzalo Fernandez-Castaño,ESP
25198,Francesco Molinari,Italy
25203,SSP Chawrasia,India
25240,D.A. Points,USA
25274,Steven Bowditch,Australia
25321,Lee Slattery,England
25345,Carl Pettersson,SWE
25349,Tim Wilkinson,NZL
25364,Paul Casey,England
25369,Jamie Donaldson,Wales
25396,Kevin Na,United States
25431,Rob Labritz,USA
25444,Justin Hicks,USA
25446,Paul Dickinson,USA
25457,Alexandre Rocha,Brazil
25493,Nick Taylor,Canada
25562,Andres Romero,ARG
25572,Graeme McDowell,Northern Ireland
25594,Travis Perkins,United States
25632,Jimmy Walker,USA
25686,Jason Dufner,USA
25692,Akio Sadakata,Japan
25720,Chad Collins,USA
25799,Niklas Lemke,Sweden
25804,Bubba Watson,United States
25813,David Dixon,England
25818,Scott Piercy,United States
25834,Daniel Summerhays,United States
25841,Marc Warren,Scotland
25863,Rod Perry,USA
25864,Raphaël De Sousa,Switzerland
25870,Alex Haindl,South Africa
25883,Kyung Nam Kang,Republic of Korea
25885,Kim Tae-hoon,South Korea
25900,Lucas Glover,United States
25919,Brian Vranesh,United States
25940,Yoshikazu Haku,Japan
25948,Richard McEvoy,England
26284,Steve Holmes,USA
26289,Boo Weekley,USA
26300,Matt Jones,Australia
26301,James Nitties,Australia
26328,Shaun Norris,South Africa
26329,Louis Oosthuizen,South Africa
26331,Charl Schwartzel,South Africa
26341,Wade Ormsby,Australia
26418,Adam Bland,Australia
26420,Richard Johnson,Sweden
26435,Angelo Que,Philippines
26444,Juvic Pagunsan,Philippines
26476,Chez Reavie,United States
26478,Ricardo Santos,Portugal
26490,Michael Sims,BER
26499,Rafa Cabrera Bello,Spain
26500,Alejandro Cañizares,Spain
26503,Alfredo Garcia-Heredia,Spain
26525,Grégory Bourdy,France
26527,Jean Baptiste Gonnet,France
26539,Robert Rock,ENG
26596,Ryan Moore,United States
26668,Marc Turnesa,United States
26679,Kevin Stadler,USA
26717,Gustav Adell,Sweden
26730,Stuart Manley,Wales
26735,Marty Jertson,USA
26757,Greg Sonnier,USA
26758,David Hearn,CAN
26808,Tadahiro Takayama,Japan
26851,Marc Leishman,Australia
26882,Michael Sim,Australia
26904,Andrew Martin,Australia
26908,Yuta Ikeda,Japan
26951,Johnson Wagner,USA
27064,Jhonattan Vegas,Venezuela
27072,Alvaro Quiros,Spain
27081,Seunghyuk Kim,Republic of Korea
27091,Kunihiro Kamii,Japan
27095,Nick Watney,United States
27114,Ben Willman,ENG
27118,Toshinori Muto,Japan
27119,Koumei Oda,Japan
27120,Troy Matteson,United States
27129,Luke List,United States
27139,David Skinns,England
27140,Justin Walters,South Africa
27141,J.B. Holmes,USA
27171,Jay McLuen,USA
27214,Kevin Streelman,United States
27324,Seungsu Han,United States
27329,Kevin Hall,USA
27330,Josh Teater,United States
27349,Alex Noren,Sweden
27364,Jeppe Huldahl,Denmark
27408,Martin Kaymer,Germany
27436,Graham DeLaet,CAN
27466,Spencer Levin,United States
27506,Oliver Wilson,England
27554,Scott Harrington,United States
27556,"Ted Potter, Jr.",USA
27561,Nick Flanagan,Australia
27576,Anton Haig,South Africa
27577,Peter Karmis,Greece
27588,Piya Swangarunporn,Thailand
27613,David Lutterus,Australia
27619,Ben Leong,Malaysia
27644,Brian Harman,United States
27649,Brandt Snedeker,United States
27694,Jordi Garcia del Mora,Spain
27747,Hiroshi Iwata,Japan
27770,Camilo Villegas,Colombia
27778,Julien Quesne,France
27797,Derek Lamely,USA
27821,Steven Tiley,England
27895,Jonas Blixt,Sweden
27896,Ross Fisher,England
27899,Rikard Karlberg,Sweden
27909,Wil Besseling,Netherlands
27915,Roope Kakko,Finland
27929,Shiv Kapur,India
27933,John Merrick,United States
27936,Martin Laird,Scotland
27942,Rob Oppenheim,United States
27958,Ryan Blaum,United States
27963,Chris Stroud,USA
27974,Sung Kang,KOR
27980,In-hoi Hur,KOR
27986,Jesse Schutte,USA
28061,Yasunobu Fukunaga,Japan
28067,Sebi Garcia,Spain
28089,Jason Day,Australia
28092,D.H. Lee,Republic of Korea
28093,Miguel Angel Carballo,Argentina
28100,Kevin Carll,USA
28103,Stuart Smith,USA
28111,Jake Roos,South Africa
28114,Dawie van der Walt,RSA
28125,Josh Geary,New Zealand
28143,Chapchai Nirat,Thailand
28166,Pedro Figueiredo,Portugal
28207,Lorenzo Gagli,Italy
28237,Rory McIlroy,Northern Ireland
28243,Min-gyu Cho,
28252,Seamus Power,Ireland
28253,Simon Thornton,England
28258,K.T. Kim,South Korea
28259,Sangmoon Bae,KOR
28272,Matt Ford,
28284,Ben Evans,England
28300,Joost Luiten,Netherlands
28307,Matt Every,USA
28320,Yuta Kinoshita,Japan
28339,Victor Dubuisson,France
28340,Julien Guerrier,France
28420,Ryan Brehm,United States
28475,Jeff Overton,United States
28500,Martin Flores,United States
28521,Ryutaro Nagano,Japan
28542,Shintaro Kobayashi,Japan
28593,Jesse Mueller,USA
28621,Madalitso Muthiya,Zambia
28645,Kwanchai Tannin,Hong Kong
28670,Wonjoon Lee,Australia
28677,Pedro Oriol,Spain
28679,Fabián Gómez,Argentina
28697,Gaganjeet Bhullar,India
28723,John Parry,England
28751,Andrew Dodt,Australia
28757,Aaron Pike,Australia
28775,Nate Lashley,United States
28780,Nicholas Thompson,USA
28783,Sam Brazel,Australia
28923,Oliver Fisher,England
28937,George Coetzee,South Africa
28938,Justin Harding,South Africa
29022,Netipong Sritonginn,Thailand
29078,Chan Shih-chang,Chinese Taipei
29092,Jianfeng Ye,China
29136,Innchoon Hwang,South Korea
29204,Merrick Bremner,South Africa
29221,Webb Simpson,United States
29222,Billy Hurley III,United States
29223,Sam Saunders,United States
29229,Jun-won Park,South Korea
29256,James Morrison,England
29268,Bronson Burgoon,United States
29275,Naoto Nakanishi,JPN
29289,S.Y. Noh,Republic of Korea
29294,Ho Sung Choi,South Korea
29303,Hur In-hoi,Republic of Korea
29314,Lee Dai-han,Republic of Korea
29327,Sam Hutsby,England
29334,Jaco Ahlers,South Africa
29370,Mikko Korhonen,Finland
29376,Atomu Shigenaga,Japan
29377,Tatsuya Kodai,Japan
29378,Daisuke Kataoka,Japan
29420,Billy Horschel,United States
29425,Andrew Svoboda,USA
29454,Bernd Wiesberger,Austria
29461,Jamie Lovemark,United States
29476,Kyle Reifers,USA
29478,Kevin Kisner,United States
29479,Scott Brown,USA
29484,Peter Uihlein,United States
29485,Brett Stegmaier,USA
29518,Brendan Steele,United States
29531,Richie Ramsay,Scotland
29535,Brice Garnett,United States
29655,Björn Åkesson,Sweden
29659,Jesper Kennegard,Sweden
29670,Pablo Larrazabal,Spain
29675,Dan McCarthy,United States
29718,Anthony Kim,United States
29720,Andres Gonzales,USA
29725,Tony Finau,United States
29772,Mike Lorenzo-Vera,France
29806,Hung Chien-yao,Chinese Taipei
29833,Yoshinori Fujimoto,Japan
29903,Brett Rankin,Australia
29907,Josh Younger,Australia
29908,C.T. Pan,Chinese Taipei
29926,Danny Lee,New Zealand
29930,Mike Hendry,New Zealand
29936,Ryan Fox,New Zealand
29938,Alan Wagner,Argentina
29939,Fabrizio Zanotti,Paraguay
29954,Robert Dinwiddie,
29970,Dylan Frittelli,South Africa
29971,Lyle Rowe,South Africa
29974,Branden Grace,South Africa
29976,P. Tangkamolpraser,Thailand
29989,Lasse Jensen,Denmark
30004,Ross McGowan,England
30005,Neil Schietekat,South Africa
30007,Heinrich Bruiners,South Africa
30008,Jbe' Kruger,South Africa
30039,Manuel Relancio,ARG
30040,Sebastián Saavedra,ARG
30050,Sean Jacklin,SCO
30110,Kyle Stanley,USA
30163,Henrik Norlander,Sweden
30191,Julián Etulain,Argentina
30681,Eric West,BER
30683,Cory Schneider,USA
30692,Scott Stallings,United States
30711,Colt Knost,United States
30736,Oscar Fraustro,Mexico
30738,Manuel Inman,MEX
30750,Tommy Gainey,United States
30756,Andrea Pavan,Italy
30763,Woo-Hyun Kim,
30786,Brady Schnell,United States
30798,Yoshitaka Takeya,Japan
30812,Benjamin Hebert,France
30819,Victor Riu,France
30852,Ryo Ishikawa,Japan
30860,Shunsuke Sonoda,Japan
30906,Daisuke Yasumoto,Japan
30907,Rhys Enoch,Wales
30909,David Horsey,England
30911,Tommy Fleetwood,England
30925,Dustin Johnson,United States
30926,Chris Kirk,United States
30927,Brendon Todd,United States
30933,Jeff Sorenson,USA
30944,Jason Kokrak,United States
30946,Alex Prugh,United States
30957,Max Kieffer,Germany
30959,Alexander Knappe,GER
30966,Allen John,Germany
30978,Kiradech Aphibarnrat,Thailand
30996,Mark Baldwin,USA
31016,Tomoharu Otsuki,Japan
31109,Richard Lee,Canada
31111,David Coupland,England
31113,Paul Waring,England
31121,Berry Henson,United States
31132,Justin McCarraher,USA
31138,Scott Jamieson,Scotland
31193,Jim Renner,United States
31202,William McGirt,United States
31225,Joel Sjöholm,Sweden
31242,Marcel Schneider,Germany
31260,Bernard Ritthammer,Germany
31273,Gavin Green,Malaysia
31323,Gary Woodland,United States
31354,Dong Su,China
31395,Yosuke Asaji,Japan
31400,Daan Huizing,Netherlands
31409,Damien Perrier,France
31418,Rashid Khan,India
31420,Anirban Lahiri,India
31557,Jim Herman,USA
31558,JJ Killeen,USA
31559,Garrett Osborn,United States
31560,Brian Stuard,United States
31569,Jason Scrivener,Australia
31572,Ben Wharton,Australia
31577,Tano Goya,Argentina
31627,Todd Baek,Republic of Korea
31640,Gary Boyd,England
31646,Emiliano Grillo,Argentina
31652,Tommy Cocha,ARG
31670,Matthew Griffin,Australia
31678,Oliver Bekker,South Africa
31681,Louis de Jager,South Africa
31997,Steve Lewton,England
32058,José de Jesús Rodríguez,Mexico
32070,Rafael Campos,Puerto Rico
32074,Wynand Dingle,South Africa
32093,M. Dharma,India
32102,Rickie Fowler,United States
32139,Danny Willett,England
32150,Michael Thompson,United States
32199,Matthew Borchert,USA
32200,Roberto Castro,United States
32212,Ignacio Elvira Mijares,Spain
32252,Nino Bertasio,Italy
32254,Xinjun Zhang,China
32290,Satoshi Hara,Japan
32293,Konosuke Nakazato,Japan
32333,Kevin Tway,United States
32334,Charlie Beljan,USA
32335,Brian Bergstol,USA
32344,Lukas Nemecz,Austria
32354,Seuk-hyun Baek,South Korea
32356,Poosit Supupramai,Thailand
32366,Kevin Chappell,United States
32367,Jorge Campillo,Spain
32369,Sihwan Kim,United States
32384,Toni Hakula,Finland
32394,Tapio Pulkkanen,Finland
32409,Mitsumasa Tamura,Japan
32413,Christopher Mivis,Belgium
32421,Romain Wattel,France
32448,James Hahn,United States
32467,Garrett Sapp,USA
32493,Gary Stal,France
32508,Chad Proehl,USA
32519,Benjamin Rusch,Switzerland
32582,Eric Dugas,USA
32594,Oliver Farr,Wales
32618,Rhein Gibson,Australia
32622,Matthew Baldwin,England
32627,Espen Kofstad,NOR
32640,Troy Merritt,United States
32659,Darius Van Driel,Netherlands
32662,Michael Gligic,CAN
32676,Ondrej Lieser,Czech Republic
32686,Takahiro Hataji,Japan
32689,Hirotaro Naito,Japan
32698,Bobby Gates,USA
32720,Jens Fahrbring,Sweden
32753,Wenyi Huang,China
32757,Patton Kizzire,United States
32775,Shugo Imahira,Japan
32776,Yeongsu Kim,Republic of Korea
32791,K.H. Lee,Republic of Korea
32797,Sanghyun Park,Republic of Korea
32800,Franklin Corpening,United States
32813,Shota Akiyoshi,Japan
32815,Masahiro Kawamura,Japan
32816,Satoshi Kodaira,Japan
32839,Hideki Matsuyama,Japan
32865,Shunyat Hak,HKG
32876,Martin Piller,United States
32878,Jin Jeong,USA
32881,Hugo León,Chile
32979,Jacques Blaauw,South Africa
32980,Jonathan Caldwell,Northern Ireland
32982,Vince Covello,United States
33013,Jake Redman,South Africa
33017,Keenan Davidse,South Africa
33023,Ockie Strydom,South Africa
33066,Pawin Ingkhapradit,Thailand
33071,Chanat Sakulpolphaisan,Thailand
33082,Om Prakash Chouhan,India
33089,Ajeetesh Sandhu,India
33102,Jason Roets,South Africa
33107,Michael Arnaud,USA
33115,Jinho Choi,Republic of Korea
33117,Dale Whitnell,England
33120,Mark Anderson,United States
33122,Russell Knox,Scotland
33125,Jaewoong Eom,Republic of Korea
33131,Kyongjun Moon,Republic of Korea
33141,Keegan Bradley,United States
33196,Carlos Pigem,ESP
33199,Matteo Manassero,Italy
33204,Shane Lowry,Ireland
33214,Xavier Poncelet,France
33218,Jin-jae Byun,Republic of Korea
33220,Jang Dong-Kyu,Republic of Korea
33227,Hyun-woo Ryu,Republic of Korea
33232,Sang-hee Lee,Republic of Korea
33233,Sung-Ho Lee,South Korea
33293,Thomas Pieters,Belgium
33399,Adam Hadwin,Canada
33404,Chris Baker,United States
33408,Tyson Alexander,United States
33410,Andrew Landry,USA
33413,Ben Martin,United States
33418,Shawn Stefani,USA
33419,Cameron Tringale,United States
33433,Steve Surry,England
33446,Mathieu Decottignies-Lafon,France
33448,Justin Thomas,United States
33449,Zack Sucher,United States
33451,Matt Hill,CAN
33459,Jens Dantorp,Sweden
33461,Morgan Hoffmann,United States
33465,Matt Marshall,United States
33473,Jerome Lando Casanova,France
33486,Roger Sloan,Canada
33490,Bo Hoag,USA
33500,Robert Carlsson,Sweden
33568,Kalle Samooja,Finland
33592,Andy Pope,USA
33597,Harry Higgs,United States
33605,Gunn Charoenkul,Thailand
33607,Pattaraphol Khanthac,Thailand
33610,Panuphol Pittayarat,Thailand
33624,Shawn Warren,USA
33653,Thomas Detry,Belgium
33667,Carlos Ortiz,Mexico
33669,Mateusz Gradecki,Poland
33674,Adrian Meronk,Poland
33689,Jinichiro Kozuma,Japan
33735,Gabe Reynolds,USA
33769,Thanyakorn Khrongpha,Thailand
33801,Joachim B Hansen,Denmark
33803,Lucas Bjerregaard,Denmark
33806,Yuto Soeda,Japan
33835,Takaya Onoda,Japan
33870,Ashun Wu,People’s Rep of China
33908,Taihei Sato,Japan
33921,Ben Campbell,New Zealand
33927,Bryden MacPherson,Australia
33936,Gunner Wiebe,USA
33937,Anthony Michael,South Africa
33940,Niall Kearney,Ireland
33941,Nick Mason,United States
33948,Byeong Hun An,Republic of Korea
33951,Julio Santos,DOM
33952,Erick Morales,PUR
33963,Yang Ji-ho,Republic of Korea
33968,Thorbjørn Olesen,Denmark
33974,Dean Burmester,South Africa
34017,Jhared Hack,United States
34021,Bud Cauley,United States
34031,Dong Seop Maeng,South Korea
34033,Ki Sang Lee,South Korea
34046,Jordan Spieth,United States
34064,Paul Imondi,United States
34066,Jin Zhang,China
34076,Joel Dahmen,United States
34087,Carlos Sainz Jr,USA
34098,Russell Henley,United States
34099,Harris English,United States
34126,Scott Vincent,Zimbabwe
34128,Eun Shin Park,Republic of Korea
34130,Sung Joon Park,Republic of Korea
34133,Yosuke Tsukada,Japan
34136,Armando Favela,MEX
34168,Soomin Lee,Republic of Korea
34169,Lee Dong-Min,Republic of Korea
34171,Jeonghyeob Hyun,South Korea
34174,John Huh,United States
34185,Domenico Geminiani,ITA
34213,Grayson Murray,United States
34225,Lee Jung-hwan,Republic of Korea
34235,Shunya Takeyasu,Japan
34242,Andrew Johnston,England
34255,Joseph Bramlett,United States
34256,Andrew Putnam,United States
34261,Scott Langley,United States
34264,Hudson Swafford,United States
34265,Will Wilcox,United States
34296,Wes Homan,USA
34300,Daijiro Izumida,Japan
34305,Daniel Miernicki,United States
34306,John Chin,USA
34308,Brandon Crick,United States
34310,Alexander Björk,Sweden
34314,Sebastian Cappelen,Denmark
34317,Joakim Lagergren,Sweden
34328,Dinggen Chen,China
34352,Sungyeol Kwon,Republic of Korea
34358,Jonathan Randolph,United States
34360,Patrick Reed,United States
34362,Laurie Canter,England
34363,Tyrrell Hatton,England
34364,David Law,Scotland
34371,Adrien Saddier,France
34374,Erik Barnes,USA
34387,Daniel Balin,USA
34391,Mathias Eggenberger,Swaziland
34409,David Lingmerth,Sweden
34414,Chris Paisley,England
34431,Robert Streb,United States
34432,Gavin Hall,United States
34446,Dodge Kemmer,United States
34466,Peter Malnati,United States
34475,Jarin Todd,United States
34496,Shingo Ito,Japan
34500,Ryosuke Kinoshita,Japan
34514,Filip Mruzek,Czechia
34533,Kazuya Koura,Japan
34541,Poom Saksansin,Thailand
34542,Rattanon Wannasrichan,Thailand
34554,Jung-gon Hwang,Republic of Korea
34563,Chesson Hadley,United States
34574,Clement Berardo,France
34575,Adrian Otaegui,United Arab Emirates
34579,Alexander Levy,France
34587,Chan Kim,United States
34604,Rowin Caron,Netherlands
34607,Francesco Laporta,Italy
34610,Matthias Schwab,Austria
34632,Choi Min-Chel,Republic of Korea
34643,Michael Johnson,United States
34656,Mikumu Horikawa,Japan
34659,Lee Chang-woo,South Korea
34661,Sangyeop Lee,Republic of Korea
34671,Hiroki Abe,Japan
34676,Hideto Kobukuro,Japan
34681,Naoto Takayanagi,Japan
34697,Yi Cao,CHN
34707,Siddikur Rahman,Bangladesh
34708,Jack Senior,England
34709,Eddie Pepperell,England
35087,Bio Kim,Republic of Korea
35091,Joshua Kelley,USA
35099,Khalin Joshi,India
35101,Chikkarangappa S.,India
35104,Tom Lewis,England
35106,Ryan Peake,Australia
35107,Jordan Zunic,Australia
35110,Brett Drewitt,AUS
35113,Dimi Papadatos,Australia
35133,Bryce Easton,South Africa
35134,Riekus Nortje,South Africa
35147,JJ Senekal,South Africa
35174,Matthew Southgate,England
35181,Daniel van Tonder,South Africa
35185,MD Zamal Hossain,Bangladesh
35201,Benjamin Follett-Smith,Zimbabwe
35225,Brandon Stone,South Africa
35230,Nelson Ledesma,Argentina
35231,Leandro Marelli,Argentina
35257,Filippo Bergamaschi,Italy
35261,Miguel Tabuena,Philippines
35265,Jin-sung Kim,South Korea
35287,Yuwa Kosaihira,Japan
35291,Danny Masrin,United States
35296,Haotong Li,People’s Rep of China
35300,Andrew Loupe,USA
35310,Lanto Griffin,United States
35314,Andy Sullivan,England
35323,Junsung Kim,South Korea
35356,Yuto Katsumata,Japan
35376,Roberto Díaz,Mexico
35404,Zihao Chen,China
35409,Craig Hocknull,AUS
35413,Kevin Stinson,CAN
35421,Brandon Harkins,United States
35437,Carter Jenkins,United States
35449,Adam Long,USA
35450,Patrick Cantlay,United States
35461,Beau Hossler,United States
35469,Sebastián Vázquez,MEX
35477,Yushi Ito,Japan
35490,Wil Bateman,Canada
35506,Mackenzie Hughes,Canada
35526,Luca Galliano,Italy
35532,Tom Hoge,United States
35539,Luke Guthrie,United States
35540,Albin Choi,CAN
35541,John Peterson,United States
35544,Andrew Yun,United States
35545,Blayne Barber,United States
35546,J.T. Griffin,United States
35552,Billy Kennerly,United States
35557,Aaron Cockerill,Canada
35563,Marco Iten,Switzerland
35564,Joel Girrbach,Switzerland
35578,Scott Fernandez,Spain
35582,Kristoffer Broberg,Sweden
35617,Martin Trainer,FRA
35618,Dermot McElroy,Northern Ireland
35629,Heung-Chol Joo,South Korea
35658,Kris Ventura,Norway
35675,Nyasha Mauchaza,ZIM
35706,Niklas Norgaard,Denmark
35709,Jeff Winther,Denmark
35725,Sebastian Szirmak,CAN
35732,Wes Roach,United States
35736,Sung -Kug Park,Republic of Korea
35739,Bong-Sub Kim,South Korea
35741,Jae-Min Hwang,South Korea
35752,Mikiya Akutsu,Japan
35778,Kazuki Higa,Japan
35807,José Toledo,Guatemala
35809,Steven Brown,England
35819,Vince India,United States
35820,Erik Flores,USA
35823,Samuel Del Val,ESP
35824,Jacobo Pastor Lopez,Spain
35834,Hyungjoon Lee,Republic of Korea
35846,Angad Cheema,India
35862,Min-Jun Kim,South Korea
35879,Kelly Kraft,United States
35885,Andrew Evans,Australia
35891,Cameron Smith,Australia
35901,Paul Haley II,United States
35908,Jared Harvey,South Africa
35912,Haydn Porteous,South Africa
35913,Michael Stewart,Scotland
35930,Deyen Lawson,Australia
35946,Willy Pumarol,DOM
35947,John Oda,USA
35956,Graham Van der Merwe,South Africa
35986,Todd Sinnott,Australia
36152,Aron Zemmer,Italy
36299,Edward Figueroa,PUR
36325,Lloyd Jefferson Go,Philippines
36326,David Lipsky,United States
36327,Justin Quiban,Philippines
36337,Junseok Lee,Australia
36343,Christopher Wood,Australia
36344,Michael Hollick,South Africa
36351,Pieter Moolman,South Africa
36358,Honey Baisoya,India
36389,Robi Calvesbert,PUR
36391,Ricardo Celia,Colombia
36437,Akshay Sharma,India
36439,Nicklaus Chiam,Singapore
36479,Brian Richey,United States
36514,Yuki Inamori,Japan
36521,Young-han Song,Republic of Korea
36522,Gwan Woo Ma,South Korea
36528,Yanwei Liu,People’s Rep of China
36529,S.T. Lee,Republic of Korea
36632,Connor Arendell,USA
36634,JD Fernandez,MEX
36637,Luis Fernando Barco,PER
36689,Brooks Koepka,United States
36693,Bjorn Hellgren,Sweden
36698,Andy Zhang,CHN
36699,Patrick Rodgers,United States
36705,Ratchapol Juntavara,Thailand
36724,Augusto Núñez,Argentina
36735,Jorge Fernández Valdés,Argentina
36754,Andre Metzger,USA
36760,Yun-seok Gang,Republic of Korea
36772,Min-su Kim,Republic of Korea
36789,Patrick Newcomb,United States
36799,Stephan Jaeger,Germany
36801,Mark Hubbard,United States
36802,Mark Hoffman,CAN
36824,Paul Peterson,United States
36835,Dustin Volk,USA
36837,Julien Brun,France
36852,Jim Knous,USA
36871,Matt NeSmith,United States
36872,Jack McDonald,Scotland
36884,Ben Kohles,United States
36892,Olin Browne Jr.,USA
36964,Francisco Bidé,ARG
36973,Ben Stow,England
36976,Garrick Porteous,England
36983,Matt Dobyns,USA
36995,Lauri Ruuska,Finland
37006,Joel Thelen,United States
37008,Danthai Boonma,Thailand
37009,Itthipat Buranatanya,Thailand
37015,Kristian Johannessen,Norway
37028,Jae-Han Chun,
37029,Taichi Nabetani,Japan
37033,Koichiro Ishika,JPN
37052,Martin Simonsen,Denmark
37066,Grant Forrest,Scotland
37076,Marcelo Rozo,Colombia
37091,Jae-Ho Kim,Republic of Korea
37094,Joe Dean,England
37108,Sebastian Heisele,Germany
37124,Roberto Lebrija,MEX
37157,Renato Paratore,Italy
37183,Chiehpo Lee,Chinese Taipei
37187,Tain Lee,USA
37189,Harold Varner III,United States
37209,YukiShino Shino,Japan
37212,Paul Barjon,France
37249,Ryuko Tokimatsu,Japan
37250,Romain Langasque,France
37251,Sébastien Gros,France
37273,Derek Ernst,USA
37275,Sam Ryder,United States
37278,Nicholas Lindheim,USA
37282,Daichi Sato,Japan
37338,Zecheng Dou,People’s Rep of China
37340,Chase Wright,United States
37344,Udayan Mane,India
37365,Brady Watt,Australia
37372,Jarryd Felton,Australia
37378,Min Woo Lee,Australia
37380,Curtis Luck,Australia
37387,Cledy Cordoba,DOM
37400,Marcel Olivares,DOM
37410,Hiram Silfa,DOM
37426,Jeronimo Esteve,PUR
37428,Evan Harmeling,USA
37446,Jacques Kruyswijk,South Africa
37447,Zander Lombard,South Africa
37454,Whee Kim,South Korea
37455,Si Woo Kim,Republic of Korea
37459,Ryan Sullivan,USA
38906,Tyler Hodge,New Zealand
38991,Alejandro Tosti,Argentina
38995,Dominic Foos,Germany
39000,Jaime Lopez Rivarola,Argentina
39004,Dru Love,United States
39043,Juan Carlos Benitez,MEX
39048,Rodrigo Lee,BRA
39058,Lucas Herbert,Australia
39063,Dylan Perry,Australia
39067,MJ Daffue,South Africa
39113,Shubhankar Sharma,India
39177,Jean-Paul Strydom,South Africa
39185,Jake McLeod,Australia
39201,Nacho Elvira,Spain
39216,CJ Plessis,South Africa
39243,Ben Eccles,Australia
39251,Ryan Ruffels,AUS
39262,Alvaro Ortiz,Mexico
39294,Aaron Terrazas,MEX
39324,J.J. Spaun,United States
39327,Ben Silverman,Canada
39328,Conrad Shindler,USA
39335,Kevin Roy,United States
39359,Brad Miller,United States
39384,Alex Kang,United States
39393,Brad Hopfinger,United States
39412,Zack Fischer,United States
39420,Colin Featherstone,United States
39436,Joshua Creel,United States
39450,Derek Zachman,United States
39460,Cyril Bouniol,FRA
39470,Richard Jung,Canada
39480,T.J. Vogel,United States
39489,Bobby Massa,USA
39520,Borja Virto Astudillo,Spain
39524,Sean Crocker,United States
39537,Chris Naegel,United States
39546,Keith Mitchell,United States
39555,Paul Maddy,England
39829,Wocheng Ye,China
39830,Xuewen Luo,CHN
39831,Bobby Bai,People’s Rep of China
39834,Guido Migliozzi,Italy
39838,Jacopo Vecchi Fossa,Italy
39852,Doyeob Mun,Republic of Korea
39853,Tae-woo KIM,South Korea
39859,Cristobal Del Solar,Chile
39869,Ayumi Kawamitsu,Japan
39871,Takanori Konishi,Japan
39899,Alan De Bondt,Belgium
39904,Ji-hoon Lee,South Korea
39914,Hampus Bergman,Sweden
39916,Tobias Eden,Sweden
39943,Woosuk Hwang,Republic of Korea
39953,Chase Seiffert,United States
39954,Cody Gribble,United States
39958,Jeunghun Wang,Republic of Korea
39965,Hyung-seok Seo,South Korea
39971,Sungjae Im,Republic of Korea
39975,Michael Kim,United States
39977,Max Homa,United States
39992,Jeff Kellen,USA
39997,Corey Conners,Canada
40006,Erik van Rooyen,South Africa
40009,Dominic Bozzelli,USA
40026,Daniel Berger,United States
40027,Lexi Thompson,USA
40028,Justin Shin,Canada
40042,Tyler McCumber,USA
40058,Zac Blair,United States
40098,Matt Fitzpatrick,England
40101,Brinson Paolini,United States
40104,Joel Stalter,FRA
40115,Adam Svensson,Canada
40141,Federico MacCario,Italy
40162,Justin Lower,United States
40163,Jack Singh Brar,England
40181,Clément Sordet,France
40226,Andreas Halvorsen,Norway
40250,Taylor Pendrith,Canada
41081,Charlie Dann,Australia
45157,Cam Davis,Australia
45158,Cory Crawford,Australia
45163,Aaron Wilkin,Australia
45165,Graeme Robertson,Scotland
45166,Yujiro Ohori,Japan
45186,David Boote,Wales
45194,Marcus Armitage,England
45195,Ruaidhri McGee,Ireland
45198,Sam Forgan,ENG
45212,Gary King,England
45227,Lars Van Meijel,Netherlands
45234,Ales Korinek,Czech Republic
45242,Kevin Yu,Chinese Taipei
45248,Terumichi Kakazu,Japan
45306,Branden Becker,Australia
45396,Tomoyasu Sugiyama,Japan
45403,Hong-taek Kim,Republic of Korea
45409,Huilin Zhang,China
45426,Nathan Kimsey,England
45477,Manu Gandas,India
45478,Julian Suri,United States
45486,Joaquin Niemann,Chile
45509,Tom Power-Horan,Australia
45519,Justin Warren,Australia
45522,Christiaan Bezuidenhout,South Africa
45523,Thriston Lawrence,South Africa
45526,Abraham Ancer,Mexico
45527,Kevin Aylwin,USA
45534,Jimmy Gunn,Scotland
45535,Michael Hebert,USA
45538,Matt Ryan,USA
45539,Jake Scott,USA
45540,Jared Wolfe,United States
45569,Marcos Montenegro,Argentina
45582,Jared Sawada,USA
45609,Tyler Duncan,United States
45618,Evan Beck,USA
45702,Rodolfo Cazaubon,Mexico
45719,Suradit Yongcharoenchai,Thailand
45729,Drew Nesbitt,Canada
45733,Austen Truslow,United States
45734,John Catlin,United States
45779,Brett Webster,CAN
45798,Zach Murray,Australia
45836,Richard Bland,England
45847,JC Ritchie,South Africa
45860,Case Cochran,USA
45868,Paul Ferrier,SCO
45924,Brant Peaper,USA
45985,Jacobus Prinsloo,South Africa
45988,Brett Coletta,Australia
45992,Matias Sanchez,Australia
46002,Settee Prakongvech,Thailand
46003,N Thangaraja,Sri Lanka
46017,Matt Killen,England
46033,Daniel Gavins,ENG
46035,Callum Shinkwin,England
46045,Michael Miller,USA
46046,Scottie Scheffler,United States
46048,Jordan Niebrugge,United States
46103,Daniel Kim,CAN
46113,Ryan McCormick,United States
46125,Eric Steger,USA
46154,Yi Keun Chang,South Korea
46181,Stuart Krog,Zimbabwe
46204,Ervin Chang,Malaysia
46238,Thomas Campbell,NZL
46248,Tirawat Kaewsiribandt,Thailand
46270,Takashi Ogiso,Japan
46290,Wade Binfield,United States
46301,Juan Jose Guerra,DOM
46340,Alex Smalley,United States
46351,Daniel Manzana,
46368,Stuart Macdonald,Canada
46374,Tracy Phillips,USA
46385,Junya Kameshiro,Japan
46402,Talor Gooch,United States
46404,Marcus Kinhult,Sweden
46405,Sebastian Soderberg,Sweden
46410,Jamie Rutherford,England
46414,Aaron Rai,England
46422,Micah Shin,United States
46435,Austin Cook,United States
46439,Will Grimmer,USA
46440,Smylie Kaufman,USA
46441,Robby Shelton,United States
46442,Maverick McNealy,United States
46443,Brian Campbell,United States
46464,Jordan Smith,England
46483,Nirun Sae-Ueng,Thailand
46487,Brandon McIver,United States
46501,Ollie Schniederjans,United States
46504,Ashley Chesters,England
46509,Shariffudin Ariffin,Malaysia
46523,Joey Garber,USA
46525,Gary Hurley,Ireland
46547,Mardy Fish,USA
46550,Brandon Hagy,United States
46567,Paul Dunne,Ireland
46581,Ryan Lenahan,USA
46594,Ricardo Gouveia,Portugal
46599,Petr Valasek,Slovakia
46601,Trey Mullinax,United States
46615,Alex Wrigley,
46628,Jeremy Wells,USA
46646,Antoine Rozner,France
46673,Tomoyo Ikemura,Japan
46684,Song-Gyu Yoo,Republic of Korea
46688,James Allan,England
46699,Rourke Van der Spuy,South Africa
46717,Viktor Hovland,Norway
46724,Jeong Woo Ham,Republic of Korea
46730,Jin Chung,USA
46732,Rick Lamb,United States
46737,Nicolai Kristensen,Denmark
46787,Cormac Sharvin,Northern Ireland
46797,Shae Wools-Cobb,Australia
46798,Anthony Quayle,Australia
46823,Jeremy Gandon,France
46827,Xiao Bowen,People’s Rep of China
46837,Yuxin Lin,People’s Rep of China
46846,Vince Van Veen,Netherlands
46879,Naoyuki Kataoka,Japan
46907,Ryan Evans,England
46908,Mark Anguiano,USA
46928,Taiga Sugihara,Japan
46930,Jaekyeong Lee,Republic of Korea
46955,Haydn Barron,Australia
46970,Jon Rahm,Spain
46988,Taikou Nishiyama,Japan
47056,Rikuya Hoshino,Japan
47078,Trav Smyth,Australia
47079,Harrison Endycott,Australia
47081,Daniel Gale,Australia
47086,Josh Armstrong,Australia
47102,David Micheluzzi,Australia
47112,Blake Windred,Australia
47125,Matt Atkins,United States
47127,David Pastore,United States
47128,Richy Werenski,United States
47132,James Marchesani,Australia
47137,Trevor Simsby,United States
47139,Andres Gallegos,Argentina
47151,Jesus Montenegro,Argentina
47154,Martin Contini,Argentina
47235,Garrett Okamura,USA
47238,Jazz Janewattananond,Thailand
47239,Phachara Khongwatmai,Thailand
47242,Jason Smith,South Africa
47245,Tristen Strydom,South Africa
47277,Daniel Iceman,USA
47286,Jacob Tilton,USA
47334,Sam Fidone,USA
47336,Michael Hopper,USA
47347,Adam Schenk,United States
47349,Michael McGowan,USA
47363,Toby Tree,England
47378,Hanmil Jung,Republic of Korea
47393,Jeffrey Kang,United States
47420,Jake Knapp,United States
47443,Junghwan Lee,KOR
47453,Kittitee Pombunmee,Thailand
47461,Andrew Kozan,United States
47463,Cameron John,Australia
47464,Blake Collyer,Australia
47472,MJ Maguire,United States
47474,Nitithorn Thippong,Thailand
47483,Will Zalatoris,United States
47485,Aman Raj,India
47493,Yuichi Teruya,Japan
47497,Hendrik Du Plessis,South Africa
47499,Alex Gaugert,USA
47503,Emilio Cuartero Blanco,Spain
47504,Sam Burns,United States
47505,Dylan Naidoo,South Africa
47529,Mito Pereira,Chile
47567,Ben Polland,USA
47579,Kyle Wilshire,USA
47591,Eric Cole,United States
47627,Samuel Saunders,USA
47663,Kevin Dougherty,United States
47667,Conner Godsey,United States
47668,Joseph Harrison,United States
47679,Victor Perez,France
47687,Manav Shah,United States
47706,Wang Wei Lun,Chinese Taipei
47709,Liu Yung Hua,Chinese Taipei
47735,Corey Kozuma,USA
47737,Logan McCracken,USA
47759,Mathinus Viljoen,South Africa
47805,Luis Gerardo Garza,Mexico
47806,Raul Pereda,MEX
47842,Hanbyeol Kim,Republic of Korea
47846,Pep Angles,Spain
47847,Ivan Cantero Gutierrez,Spain
47850,John Axelsen,Denmark
47855,Peter Baek Launer,
47856,Seth Reeves,United States
47888,Taiga Semikawa,Japan
47889,Kosuke Sunagawa,Japan
47894,Wei-Hsuan Wang,Taiwan
47901,Taeho Kim,Republic of Korea
47906,Austin Connelly,USA
47911,Enrique Valverde,DOM
47917,Takumi Kanaya,Japan
47918,Naoki Sekito,Japan
47953,Greg Yates,United States
47956,Connor Graham,SCO
47959,Bryson DeChambeau,United States
47960,Simon Forsström,Sweden
47963,Benedict Staben,Germany
47966,Jeremy Freiburghaus,Switzerland
47970,Sungmin Cho,South Korea
47983,Chad Ramey,United States
47986,"Rich Berberian, Jr.",United States
47987,Cole Hammer,United States
47988,Nick Hardy,United States
47989,Sam Horsfield,ENG
47990,Kyle Jones,United States
47993,Denny McCarthy,United States
47995,Davis Riley,United States
47996,Jack Maguire,United States
48001,Zach Bauchou,United States
48005,Jan Cafourek,Czech Republic
48009,Yente Van Doren,Belgium
48016,Kousuke Hamamoto,Thailand
48018,Sadom Kaewkanjana,Thailand
48032,Chanwoo Kim,Republic of Korea
48037,Atiruj Winaicharoenc,Thailand
48045,Michael Gellerman,United States
48050,Philipp Mejow,Germany
48051,Yannik Paul,Germany
48052,Max Rottluff,Germany
48059,Craig Ross,Scotland
48061,Daniel Young,Scotland
48081,Xander Schauffele,United States
48084,Wesley Bryan,United States
48098,Sebastian Garcia Rodriguez,ESP
48102,Carson Schaake,USA
48117,Kurt Kitayama,United States
48119,Ben Taylor,England
48129,Corey Pereira,USA
48133,Alvaro Hernandez Cabezuela,Spain
48138,Brent Snyder,USA
48149,Shota Matsumoto,Japan
48153,Matthieu Pavon,France
48156,Robin Sciot-Siegrist,France
48197,Matt Harris,USA
48217,Conor O'Neil,Scotland
48237,Oliver Lindell,Finland
48238,Niclas Hellberg,Finland
48293,Mikael Lindberg,Sweden
48319,Tom Whitney,United States
48362,Tomas Guimaraes Bessa,Portugal
48366,Jeppe Kristian Andersen,Denmark
48370,Christofer Blomstrand,Sweden
48372,Marcus Helligkilde,Denmark
48373,Nicolai Tinning,Denmark
48380,Christopher Feldborg-Nielsen,Sweden
48388,Benjamin Henry Poke,Denmark
48393,Nicolai Nohr Madsen,Denmark
48404,Gabriel Axell,Sweden
48413,Mathias Gladbjerg,Denmark
48433,Oliver Hundeboll,Denmark
48564,Adam Eineving(Am),Sweden
48577,Anton Karlsson,Sweden
48582,Oscar Lengden,Sweden
48585,Charlie Lindh,Sweden
48586,Per Langfors,Sweden
48590,William Nygard(Am),Sweden
48600,Joakim Wikstrom,Sweden
48627,Henric Sturehed,Sweden
48629,Jesper Sandborg,Sweden
48632,Yuto Katsuragawa,Japan
48640,Johannes Veerman,United States
48658,Jarand Ekeland Arnoy,Norway
48699,Callum Tarren,England
48705,Dalton Ward,United States
48721,Adam Andersson,Sweden
48743,Felix Schulz,Austria
48811,Tom Gandy,
48813,Yuki Furukawa,Japan
48814,Taichiro Ideriha,Japan
48822,Sebastián Muñoz,Colombia
48853,Michael Hirmer,Germany
48867,Matti Schmid,Germany
48870,Soren Broholt Lind,Denmark
48872,Axel Boasson,Iceland
48887,Matt Wallace,England
48895,Jake Ayres,England
48898,David Carey,IRL
48929,Santiago Tarrio,Spain
48933,Ryuichi Oiwa,Japan
48936,Ugo Coussaud,France
48953,Tawit Polthai,Thailand
48971,Taeyoung Kang,Republic of Korea
48978,Osang Kwon,South Korea
48979,MK Kim,Republic of Korea
49009,Daniel Brown,England
49022,Yoseop Seo,South Korea
49025,Paul Elissalde,France
49036,Lorenzo Scalise,Italy
49037,Stefano Mazzoli,Italy
49038,Luca Cianchetti,Italy
49039,Michele Ortolani,Italy
49050,Viraj Madappa,India
49067,Pierre Pineau,France
49099,Denzel Ieremia,New Zealand
49104,Daiki Imano,Japan
49117,Isidro Benitez,MEX
49120,Kensei Hirata,Japan
49148,Vitor Lopes,Portugal
49154,Taisei Shimizu,Japan
49156,Taisei Yamada,Japan
49174,Yusuke Sakamoto,Japan
49180,Jacques de Villiers,South Africa
49223,Chan Choi,Republic of Korea
49226,Taehoon Ok,Republic of Korea
49228,Keita Nakajima,Japan
49230,Taiki Yoshida,Japan
49241,Jordan Doull,Australia
49298,Kramer Hickok,United States
49302,Charles Wang,People’s Rep of China
49303,Anders Albertson,United States
49310,David Gazzolo,USA
49314,Shawn Lu,United States
49315,Austin Bautista,Australia
49337,Thomas Lehman,USA
49348,Aidric Chan,Philippines
49355,Kammalas Namuangruk,Thailand
49356,Tanapat Pichaikool,Thailand
49371,Otto Black,USA
49383,Eric Sugimoto,Japan
49399,Shad Tuten,United States
49453,Trevor Cone,United States
49460,Herman Loubser,South Africa
49464,Michael Palmer,South Africa
49465,Albert Venter,South Africa
49481,Tae Hee Lee,Republic of Korea
49530,Charlie Saxon,United States
49533,James Hart du Preez,South Africa
49557,James Leow,Singapore
49562,Suteepat Prateeptienchai,Thailand
49575,Derek Bard,USA
49576,Paul Chaplet,Costa Rica
49590,Frankie Capan III,United States
49608,Leonard Bem,France
49618,Lucas Vacarisas,Spain
49650,Jonathan Agren,Sweden
49721,Keith Greene,USA
49766,Hank Lebioda,United States
49771,J.T. Poston,United States
49773,Chase Koepka,United States
49790,Danny Guise,USA
49801,Preston Stanley,USA
49813,Daniel Hillier,New Zealand
49839,Louis Dobbelaar,Australia
49842,Lawry Flynn,Australia
49850,Arjun Prasad,India
49855,Kristoffer Reitan,Norway
49873,Varanyu Rattanaphibo,Thailand
49884,Cody Blick,United States
49893,Mark Geddes,ENG
49934,Patrick Grimes,USA
49938,Dylan Healey,USA
49947,Taylor Moore,United States
49960,Sepp Straka,Austria
49963,Chris Wiatr,USA
49964,Aaron Wise,USA
50000,Kieran Vincent,Zimbabwe
50006,Willie Mack III,USA
50012,Wyatt Worthington II,USA
50057,Robin Roussel,France
50058,Jordan Wrisdale,England
50063,Galam Jeon,Republic of Korea
50064,Seonghyeon Jeon,Republic of Korea
50083,Genki Okada,Japan
50092,Zach Wright,United States
50095,Austin Smotherman,United States
50153,Jiri Zuska,Czechia
50154,Joseph Winslow,USA
50157,"Philip Barbaree, Jr.",United States
50159,Oliver Gillberg,Switzerland
50188,S.H. Kim,Republic of Korea
50198,Maximilian Steinlech,Austria
50219,Niklas Regner,Austria
50223,Ewen Ferguson,Scotland
50253,Fredrik From,Sweden
50286,A.J. Ewart,Canada
50313,Henry Smart,ENG
50323,Minkyu Kim,KOR
50327,Jesper Hagborg Asp,Sweden
50382,Changtai Sudsom,Thailand
50395,Nick Cunningham,England
50400,Sean Lawrie,Scotland
50414,Tatsunori Shogenji,Japan
50423,Philip Eriksson,Sweden
50426,Hannes Ronneblad,Sweden
50474,Tim Widing,Sweden
50480,Sebastian Petersen,Sweden
50484,Hayden Springer,United States
50488,Chris Crawford,United States
50489,Kyle Mueller,USA
50490,Chase Parker,United States
50493,Justin Suh,United States
50497,Adrien Dumont de Chassart,Belgium
50499,Kristof Ulenaers,Belgium
50521,Hunter Larson,USA
50525,Collin Morikawa,United States
50526,Tom Lovelady,USA
50527,Jared du Toit,Canada
50531,Luca Filippi,South Africa
50533,Luke Jerling,South Africa
50550,Giovanni Manzoni,Italy
50566,Sangchai Kaewcharoen,Thailand
50575,Bo Peng,People’s Rep of China
50582,Jeremy Paul,Germany
50584,Connor Syme,Scotland
50586,Martin Eriksson,Sweden
50640,Jack South,England
50647,Syotaro Tanaka,Japan
50648,Ryota Wakahara,Japan
50667,Josh McCarthy,USA
50672,Hamish Brown,Denmark
50673,Martin Rohwer,South Africa
50675,Brooke M. Henderson,Canada
50706,Ashton Van Horne,United States
50710,Maclain Huge,USA
50717,Josh Speight,USA
50718,Tommy Sharp,USA
50722,Jon Thomson,England
50731,Clement Charmasson,France
50735,Scott Gregory,England
50743,Nicolai Von Dellingshausen,Germany
50759,Michael Blair,CAN
50762,Alejandro Del Rey,Spain
50800,Yuta Kawakami,Japan
50808,Shotaro Ban,United States
50823,Tom McKibbin,Northern Ireland
50888,Anders Elite Ejlersen,Denmark
50897,August Thor Host,Denmark
50992,Brett White,United States
51003,Marco Penge,England
51008,Sebastian Eidaether Syr,Norway
51024,Bard Bjornevik Skogen,Norway
51035,Jack Yule,England
51038,Alfie Plant,England
51070,Vincent Norrman,Sweden
51077,Jonathan Wijono,Indonesia
51080,Naraajie Ramadhan Putra,Indonesia
51099,Matias Honkala,Finland
51121,Max Catherine,France
51123,Victor Vayret,France
51137,Kevin Yuan,Australia
51150,Matias Calderon,Chile
51151,Todd Clements,England
51165,Christofer Rahm,Sweden
51172,Liam Johnston,Scotland
51190,Guntaek Koh,Republic of Korea
51198,Christian Jacobsen,Denmark
51262,Thomas Roseenmoller,Germany
51264,Jediah Morgan,Australia
51287,Ryo Hisatsune,Japan
51303,Ryo Katsumata,Japan
51305,Taichi Kimura,Japan
51313,Andrea Romano(June-2000),Italy
51314,Julian Perico,Peru
51316,Kenny Pigman,USA
51336,Maverick Antcliff,Australia
51340,Douglas Klein,Australia
51342,Jay Mackenzie,Australia
51349,Nico Echavarria,Colombia
51363,"George Bryan, IV",USA
51366,Riki Kawamoto,Japan
51379,John Lyras,Australia
51395,Trey Shirley,United States
51414,Brent Grant,United States
51430,Veer Ahlawat,India
51431,John Daly II,USA
51441,KK Limbhasut,Thailand
51443,Poom Pattaropong,Thailand
51449,Dylan Newman,USA
51454,Camiko Smith,BER
51458,Preston Cole,USA
51491,Brandon Matthews,USA
51517,Anthony Phipps,USA
51522,Zach Zaback,USA
51532,Jonathan De Los Reyes,United States
51562,Kyle McClatchie,South Africa
51563,Jovan Rebula,South Africa
51567,Will Cannon,United States
51569,Peter Lansburgh,USA
51586,Stewart Hagestad,USA
51600,Jimmy Stanger,United States
51610,Sangpil Yoon,Republic of Korea
51616,Lukas Michel,AUS
51631,Marc Hammer,Germany
51634,Sahith Theegala,United States
51635,Chris Nido,PUR
51641,Haraldur Magnus,Iceland
51643,Gudmundur Kristjansson,Iceland
51661,Nick Bachem,Germany
51662,Max Schmitt,Germany
51671,Alex Chiarella,USA
51680,Alistair Docherty,United States
51690,Taylor Dickson,United States
51696,Rico Hoey,Philippines
51710,Rasmus Holmberg,Sweden
51712,Robin Petersson,Sweden
51734,Nicolo Galletti,United States
51735,Evan Bowser,USA
51766,Wyndham Clark,United States
51776,Michael Feuerstein,USA
51783,Karandeep Kochhar,India
51787,Yuvraj Sandhu,India
51803,Toby Hunt,Wales
51822,Yuki Kajimura,Japan
51830,Taylor Funk,USA
51836,Michael Kartrude,USA
51856,Tom Adrounie,USA
51860,Brett Walker,USA
51862,Jake Kevorkian,USA
51865,J.J. Grey,ENG
51890,Greyson Sigg,United States
51894,Vince Whaley,United States
51895,Ryan Cole,United States
51911,Anthony Maccaglia,USA
51921,Jannik De Bruyn,Germany
51927,Reid Martin,USA
51933,Casey Russell,USA
51950,Max McGreevy,United States
51962,Kyle Ramey,USA
51977,Max Greyserman,United States
51989,Jordan Gumberg,United States
51997,Andrew Novak,United States
52046,Joshua Grenville-Wood,England
52053,James Ashfield,Hungary
52072,Joe Brooks,England
52075,Will Enefer,England
52091,Blake Kennedy,USA
52095,Christoffer Bring,Denmark
52096,Adri Arnaus,Spain
52132,Phichaksn Maichon,Thailand
52134,Runchanapong Youprayong,Thailand
52144,Braden Thornberry,United States
52167,Ren Takeuchi,Japan
52176,Tomas Melo Gouvei,Portugal
52189,Dongmin Kim,Republic of Korea
52209,Hayden Hopewell,Australia
52215,Robert MacIntyre,Scotland
52242,Ekpharit Wu,Thailand
52287,David Ravetto,France
52302,Kenshiro Ikegami,Japan
52304,Chonlatit Chuenboonngam,Thailand
52322,John Murphy,Ireland
52324,James Sugrue,IRL
52330,Dylan Meyer,USA
52341,Andrew McCain,USA
52348,Victor H Sidal Svendsen,Denmark
52353,Dongeun Kim,South Korea
52370,Mason Andersen,United States
52372,Cameron Champ,United States
52373,Walker Lee,United States
52374,Brandon Wu,United States
52375,Doug Ghim,United States
52394,Therion Ne,South Africa
52397,Ruan Conradie,South Africa
52398,Estiaan Conradie,South Africa
52411,Kyle Westmoreland,United States
52428,Heemin Chang,Republic of Korea
52438,Sukwoan Ko,Canada
52444,Filippo Celli,Italy
52453,Nicolai Højgaard,Denmark
52455,Witchayanon Chothirunrungrueng,Thailand
52462,Chase Hanna,United States
52477,Albin Bergstro,Sweden
52479,David Nyfjl,Sweden
52502,Ryan Brooks,England
52507,Sarit Suwannarut,Thailand
52513,Carson Young,United States
52514,Trace Crowe,United States
52569,Harry Ellis,England
52572,Brendan Leonard,CAN
52575,Paul O'Hara,SCO
52576,Sandy Scott,Scotland
52583,Sanghun Shin,Republic of Korea
52585,Frederic LaCroix,France
52594,Maximilian Herrmann,Germany
52633,Alex Beach,USA
52635,JJ Wood,USA
52639,Adam Blomme,Sweden
52646,Mats Ege,Norway
52652,Elis Svärd,Sweden
52655,Herman Wibe Sekne,Norway
52666,Sami Valimaki,Finland
52673,Sachin Baisoya,India
52675,Kshitij Kaul,India
52683,Jonathan Goth-Rasmussen,Denmark
52686,Rasmus Højgaard,Denmark
52689,Rasmus Neergaard-Petersen,Denmark
52703,Matthew Scobie,CAN
52725,Velten Meyer,Germany
52955,Ludvig Åberg,Sweden
52956,Kyle Barker,South Africa
53013,Josh Hilleard,England
53014,Gian-Marco Petrozzi,England
53122,Mark Power,Ireland
53124,Jerry Ji,Netherlands
53125,Thomas Sloman,England
53136,Jack Davidson,Wales
53140,Yuta Uetake,Japan
53165,Doc Redman,United States
53177,Pietro Bovari,Italy
53188,Kosuke Suzuki,Japan
53189,Nick Voke,New Zealand
53196,Robin Williams,South Africa
53198,Javier Sainz,Spain
53203,Stefan Wears Taylor,South Africa
53210,Ching-hung Su,Chinese Taipei
53488,Angel Hidalgo Jordan,Spain
53501,Victor Pastor Rufian,Spain
53902,Gyumin Lee,Republic of Korea
53912,Danny List,Australia
53914,Connor McKinney,Australia
54185,Elvis Smylie,Australia
54190,Richard Mansell,England
54210,Matthew Cheung,Hong Kong
54217,Ryo Noro,Japan
54218,Yuta Sugiura,Japan
54228,Matt Oshrine,United States
54237,Ahmad Baig,Pakistan
54278,Mateo Fernández de Oliveira,Argentina
54288,Harrison Crowe,Australia
54292,Kerry Mountcastle,New Zealand
54299,Taichi Kho,Hong Kong
54300,Nathan Barbieri,Australia
54303,Charles Reiter,USA
54304,Karl Vilips,Australia
54314,Tyler Strafaci,USA
54323,Mo Lim,THA
54324,Wanchai Luangnitku,Thailand
54328,Norman Xiong,United States
54334,Ben Cook,USA
54338,Chris French,USA
54358,Josh Radcliff,USA
54364,Stephen Stallings Jr.,USA
54370,Erik Matthewson,USA
54377,Michael Balcar,USA
54383,Ryan Elmore,USA
54388,Luke Graboyes,USA
54393,A.J. Crouch,United States
54404,David Longmire,USA
54408,James Anstiss,New Zealand
54420,Louis Albertse,South Africa
54421,Garrick Higgo,South Africa
54422,Christo Lamprecht,South Africa
54423,Malcolm Mitchell,South Africa
54453,Craig Howie,Scotland
54459,Andrew Filbert,USA
54468,Joshua Lee,USA
54475,Brandon R-Thompson,England
54480,Justin De Los Santos,Philippines
54506,Corey Shaun,USA
54525,Ian Holt,United States
54530,Henry Chung,USA
54576,Patrick Fishburn,United States
54578,Linus Lilliedahl,Sweden
54586,Franck Medale,France
54587,Justin Doeden,United States
54591,Ben Griffin,United States
54602,Cristian DiMarco,USA
54604,Joey Lane,USA
54607,Danny Walker,United States
54608,Dillon Board,USA
54616,Darcy Brereto,Australia
54621,Kazuma Kobori,New Zealand
54625,Dawson Armstrong,USA
54628,Lee Hodges,United States
54652,David Kocher,United States
54655,Patrick Flavin,United States
54687,Broc Everett,USA
54718,Davey Porsius,Netherlands
54756,Tanner Napier,USA
54781,Grant Hirschman,United States
54783,Dylan Wu,United States
54788,Chandler Blanchet,United States
54792,Chris Petefish,United States
54794,Jay Card III,United States
54813,Philip Knowles,United States
54869,Chase Johnson,USA
54871,Grant Booth,Australia
54876,Chen Guxin,People’s Rep of China
54886,Dhruv Sheoran,India
54901,Theo Humphrey,United States
54916,Rhadames Pena,DOM
54926,George Cunningham,United States
54951,Aaron Beverly,USA
54954,Jesse Droemer,USA
54985,Ruan Korb,South Africa
54986,Erhard Lambrechts,South Africa
54994,Vicente Marzilio,Argentina
54995,Brendon Jelley,United States
54996,Ray Kraivixien,Thailand
54998,Luke Brown,South Africa
55010,Dylan Mostert,South Africa
55028,Teayang Jung,Republic of Korea
55069,Nicolai B. Kristensen,Denmark
55072,Jacob W. Agerschou,Denmark
55074,Sebastian Friedrichsen,Denmark
55077,Frederik Kjettrup,Denmark
55080,Ruth Tobias,Sweden
55088,Sunit Chowrasia,India
55103,Cheng Peicheng,China
55165,Noah Goodwin,United States
55182,Tom Kim,Republic of Korea
55293,Taiga Yamamoto,Japan
55366,Witchayapat Sinsran,Thailand
55370,Renato Naula,ECU
55372,Adam D'Amario,USA
55376,Albin Tiden,Sweden
55377,Robert Foley,Switzerland
55410,Shintaro Ban,United States
55411,Jacob Bergeron,USA
55412,Mickey DeMorat,USA
55413,Luis Gagne,USA
55415,Ryan Lumsden,Scotland
55417,Timothy Wiseman,USA
55419,Bryce Hendrix,USA
55420,Cooper Musselman,United States
55421,Chip McDaniel,USA
55430,Slade Pickerin,South Africa
55434,Nopparat Panichphol,Thailand
55454,Carl Yuan,People’s Rep of China
55457,Max Sekulic,CAN
55460,Sam Choi,USA
55462,Harry Goddar,England
55468,Felix Mory,France
55470,Calum Fyfe,Scotland
55509,Hurly Long,Germany
55528,Shiso Go,Japan
55537,Connor Worsdall,ENG
55554,Alexander Frances,Denmark
55573,John VanDerLaan,United States
55585,Paul Margolis,France
55592,Joey Savoie,Canada
55601,Callum Davison,CAN
55623,Kaito Onishi,Japan
55647,Sam Locke,Scotland
55649,Cougar Collins,CAN
55650,Luke Kluver,
55660,Anton Albers,Germany
55670,Alex Schaake,USA
55685,Pavan Sagoo,South Africa
55694,Quentin Debove,France
55707,Calum Hill,Scotland
55708,Hayden Buckley,United States
55721,Alex Fitzpatrick,England
55741,Hiroshi Tai,SIN
55751,Michael Visacki,USA
55752,Ben Kern,USA
55789,Taylor Montgomery,United States
55824,Ronan Mullarney,
55838,Jack Thompson,Australia
55851,Pontus Nyholm,Sweden
55874,Gerhard Pepler,South Africa
55888,Devon Bling,United States
55892,Étienne Papineau,Canada
55893,Sam Stevens,United States
55895,Brian Carlson,USA
55908,Tomohiro Ishizaka,Japan
55930,Fred Biondi,BRA
55933,Cedric Gugler,Switzerland
55936,Rupert Kaminski,South Africa
55939,Nicholas Poppleton,England
55940,Andrew Wilson,England
55954,Lukas Euler,GER
55955,Matthew Jordan,England
55956,Koen Kouwennar,Netherlands
55961,Frederik Birkelund,Denmark
55965,Jacob Skov Olesen,Denmark
56001,Jean Bekirian,France
56003,Yongjun Bae,Republic of Korea
56043,Chuan-Tai Lin,Chinese Taipei
56046,Koshiro Maeda,Japan
56050,Camilo Aguado,COL
56100,Ren Yonezawa,Japan
56111,Akihiro Narutomi,Japan
56149,Wilson Furr,United States
56165,Yusaku Hoson,Japan
56167,Minato Oshim,Japan
56174,Will Florimo,Australia
56190,Wooyoung Cho,Republic of Korea
56199,Quinnton Croker,Australia
56214,Martin Vorster,South Africa
56249,Peter Jung,USA
56264,Manuel Torres,VEN
56266,Deon Germishuys,South Africa
56267,Yurav Premlall,South Africa
56272,Wilco Nienaber,South Africa
56273,Mitch Waite,England
56278,Matthew Wolff,United States
56284,Patrick Cover,United States
56286,BJ Doucett,USA
56297,John Somers,USA
56320,Bryson Nimmer,United States
56329,Derek Oland,United States
56349,Chris Korte,United States
56353,Callum McNeill,SCO
56362,Alex Weiss,United States
56365,Mario Carmona,MEX
56376,Mitchell Meissner,United States
56448,Nick Carlson,United States
56490,Travis Trace,United States
56512,Conor Purcell,Ireland
56513,Jasper Stubbs,Australia
56519,Sarun Sirithon,Thailand
56548,Jack Floydd,England
56551,Curtis Knipes,ENG
56555,Myles Creighton,Canada
56584,Ian Snyman,South Africa
56617,Thomas Walsh,United States
56625,Max Sear,CAN
56630,Akshay Bhatia,United States
56643,Manuel Elvira,Spain
56676,John Augenstein,United States
56677,Cole Madey,United States
56734,Matt Wilson,USA
56741,Braden Bailey,United States
56742,Brady Calkins,USA
56743,Chad Hambright,USA
56753,John Greco,USA
56762,Will Gordon,United States
56781,Isaiah Salinda,United States
56802,Tyler Koivisto,United States
56837,Jimmy Zheng,New Zealand
56842,Casey Pyne,USA
56847,Adam Bresnu,Morocco
56869,Taylor Bibbs,USA
56921,Ding Wenyi,People’s Rep of China
56926,Keenan Huskey,United States
56937,Brandon Hoelzer,United States
56938,Jorge Garcia,VEN
56974,Christiaan Burke,South Africa
56987,Jeong Weon Ko,France
56999,Yetaek Lim,Republic of Korea
57014,Stephen Franken,USA
57049,Roy Cootes,USA
57091,Suttinon Panyo,Thailand
57098,Junhong Park,South Korea
57123,Steven Fisk,United States
57124,Michael Feagles,USA
57198,Brendon Doyle,United States
57246,Isaiah Jackson,USA
57250,Hennie O'Kennedy,South Africa
57257,Filip Jakubcik,CZE
57259,Dan Brown,England
57263,John Gough,England
57277,Gregorio De Leo,Italy
57292,Hiroki Tanaka,Japan
57298,Preston Summerhays,United States
57320,Joe Deraney,USA
57321,Matthew Anderson,Canada
57330,Matthis Besard,Belgium
57342,Seungbin Choi,Republic of Korea
57353,George Bloor,ENG
57358,Brendan MacDougall,Canada
57362,Austin Eckroat,United States
57364,Michael Thorbjornsen,United States
57366,Cameron Young,United States
57427,Lydia Ko,New Zealand
57461,Petr Hruby,Czechia
57474,Maxence Giboudot,France
57492,Eugenio Chacarra,Spain
57504,Sampson Zheng,People’s Rep of China
57505,Ryunosuke Furukawa,Japan
57535,Jonas Baumgartner,Germany
57550,Tanner Gore,United States
57586,Jesper Svensson,Sweden
57593,Ian Gilligan,United States
57625,Trent Phillips,United States
57633,Ollie Osborne,United States
57688,Casey Jarvis,South Africa
57691,Keagan Thomas,South Africa
57708,Adam Wallin,Sweden
57711,Mason Williams,United States
57721,Bradley Bawden,England
57725,Angus Flanagan,ENG
57736,Matthew McClean,NIR
57737,Jayden Schaper,South Africa
57743,Callum Farr,England
57815,Ronan Kleu,Switzerland
57843,Taiga Nagano,Japan
57860,Maxwell Moldovan,United States
57862,Brett Roberts,United States
57864,Jackson Van Paris,United States
57865,Alexander Yang,HKG
57869,Ben James,USA
57871,Samuel Simpson,South Africa
57872,Andi Xu,CHN
57883,Jack Trent,Australia
57900,Chandler Phillips,United States
57912,David Langley,England
57937,Dario Antonisse,Netherlands
57940,Euan Walker,Scotland
57942,Daniel Da Costa Rodrigues,Portugal
57944,Andy Ogletree,United States
57975,Harry Hall,England
58043,Suguru Shimoke,Japan
58060,Ben Schmidt,England
58061,Thanapol Charoensuk,Thailand
58065,Denwit David Boriboonsub,Thailand
58077,Tsubasa Ukita,Japan
58082,Aram Yenidjeian,ARG
58097,Ratchanon Chantananuwat,Thailand
58116,Taiga Kobayashi,JPN
58121,Jarryd Dillas,BER
58122,Kenny Leseur,BER
58132,Kieron van Wyk,South Africa
58157,Benjamin Jones,England
58164,Kohei Okada,Japan
58166,Abel Gallegos,ARG
58168,Davis Thompson,United States
58186,George Duangmanee,USA
58187,Jordan Hahn,USA
58188,James Nicholas,United States
58189,Billy Tom Sargent,United States
58190,Andy Spencer,USA
58191,Donnie Trosper,USA
58192,Daniel Wetterich,USA
58232,Jack Buchanan,Australia
58235,Corey Lamb,Australia
58248,Nick Bienz,USA
58251,Beau Breault,United States
58297,Paresh Amin,United States
58303,Ryan Celano,USA
58351,Josh Goldenberg,USA
58359,Mitchell Schow,USA
58379,Jeff Wright,Scotland
58380,Scott de Borba,USA
58381,Kyle Mendoza,USA
58391,Jared Jones,USA
58418,Zach Smith,USA
58429,Blake Elliott,USA
58436,Scott Stevens,United States
58449,Derek Ackerman,United States
58461,Ben Hutchinson,ENG
58496,Philipp Katich,Germany
58547,Austin Hitt,United States
58551,Marc-Olivier Plasse,CAN
58561,William Nottingham,USA
58583,OJ Farrell,ENG
58584,Charles Huntzinger,USA
58594,Spencer Ralston,USA
58600,Cooper Dossey,United States
58601,Davis Shore,United States
58605,Quade Cummins,United States
58616,James Hervol,USA
58619,Kevin Velo,United States
58623,Garett Reband,United States
58624,William Buhl,USA
58652,Sam Jones,New Zealand
58658,Peter Knade,United States
58663,Noah Hofman,USA
58666,Tripp Kinney,United States
58668,Austen Christiansen,USA
58669,Jacob Solomon,USA
58670,Zach James,United States
58671,Jake Staiano,United States
58676,Zander Lui Rivas,Denmark
58690,Freddy Schott,Germany
58693,George Markham,United States
58694,Ryan Davis,USA
58696,Peter Kuest,United States
58714,Nick Infanti,United States
58716,Ethan Cairns,USA
58752,David Kim,United States
58767,Clay Feagler,United States
58785,Michael Herrera,USA
58816,Marcus Byrd,United States
58826,Christian Salzer,USA
58827,Ryan Grider,United States
58849,Turk Pettit,USA
58854,Rory Franssen,Scotland
58856,Chad Sewell,United States
58858,Gavin Cohen,USA
58869,Julien Sale,France
58877,Steffen Smith,USA
58933,Will Chandler,United States
58936,Thomas Longbella,United States
58944,Blake McShea,USA
58945,Christian Cavaliere,USA
58952,Kyle Hogan,USA
58967,Trevor Werbylo,United States
58983,Kyle Cottam,USA
58986,Zihao Jin,People’s Rep of China
58989,Brandon Berry,United States
58991,Lachlan Barker,Australia
58999,Hunter Eichhorn,United States
59005,Evan Brown,USA
59006,Davis Chatfield,United States
59014,Connor Burgess,USA
59018,Ryan Gerard,United States
59020,Luke Schniederjans,USA
59025,David Perkins,United States
59058,Christian Banke,United States
59077,Spencer Cross,USA
59085,Chris Francoeur,United States
59091,Thomas Giroux,CAN
59095,Chris Gotterup,United States
59105,Blake Hathcoat,USA
59108,Harry Hillier,New Zealand
59125,Davis Lamb,United States
59131,Luke Long,USA
59137,RJ Manke,USA
59141,Matt McCarty,United States
59143,Mac Meissner,United States
59146,Sam Murphy,
59160,John Pak,United States
59164,James Piot,United States
59184,Ben Sigel,USA
59191,Vijay Srinivasan,USA
59195,Saptak Talwar,India
59197,Blake Tomlinson,United States
59198,Hugo Townsend,Sweden
59203,Joey Vrzich,United States
59204,Andrew Walker,USA
59211,Trey Winstead,United States
59212,Hunter Wolcott,United States
59243,Connor Howe,United States
59250,Yuseok Lee,Republic of Korea
59281,Minhyuk Song,Republic of Korea
59283,George Kneiser,USA
59395,Eduard Rousaud,Spain
59409,Ashton McCulloch,CAN
59425,Trace Crowe,United States
59437,Luke Gannon,USA
59439,"Steve Watanabe, Jr",USA
59440,Ricky Castillo,United States
59441,Joe Long,ENG
59442,Parker Coody,United States
59448,Griffin Barela,United States
59467,Dan Erickson,United States
59476,Angelo Giantsopoulos,CAN
59485,Van Holmgren,USA
59490,Charles Jahn,
59495,Eddy Lai,USA
59497,Jake Lane,CAN
59533,Joe Weiler,United States
59534,Brice Wilkinson,
59547,Anthony Cordes,USA
59548,Matt Sharpstene,USA
59554,Evan Kawai,USA
59567,Emilio Gonzalez,Mexico
59569,Kamaiu Johnson,USA
59570,Tyler Collet,USA
59601,Grant Haefner,USA
59605,Tae Hoon Kim,KOR
59606,Roberto Nieves,USA
59608,Morgan Deneen,USA
59613,Marcus Plunkett,United States
59629,Ryan van Velzen,South Africa
59636,Samuel Anderson,United States
59647,Tommy Gibson,USA
59652,Sam Bennett,United States
59656,Hunter Epson,USA
59657,Joey Herrera,USA
59680,Jose Antonio Safa,MEX
59681,Jose Cristobal Islas,MEX
59684,Jackson Markham,USA
59692,John Sand,USA
59708,Gregory Mckay,South Africa
59732,Clement Guichard,France
59743,Aguri Iwasaki,Japan
59797,Victor Garcia Broto,Spain
59798,Oihan Guillamoundeguy,France
59811,Kazuki Yasumori,Japan
59812,Ricky Hendler,South Africa
59826,Joel Moscatel,Spain
59827,Tom Vaillant,France
59835,Shane Pearce,USA
59836,Pierceson Coody,United States
59838,Caleb Manuel,USA
59839,Nikhil Rama,South Africa
59841,Bael Jun Kim,Republic of Korea
59859,Yuta DO NOT USE - Kaneko,Japan
59862,Joe Hooks,USA
59865,Cameron Tankersley,USA
59866,Nick Dunlap,United States
59868,Pete Ballo,USA
59869,Larkin Gross,USA
59870,Derek Holmes,USA
59871,Greg Koch,USA
59872,Brad Marek,USA
59873,Tim Pearce,USA
59874,Patrick Rada,USA
59875,Jang Yu Bin,Republic of Korea
59938,Asier Aguirre Izcue,Spain
59942,Brian Keiser,USA
59954,Teddy Tetak,Slovakia
59957,Warwick Purchase,South Africa
59990,Jack Hawksby,England
59998,Stephen Shephard,United States
60004,Jacob Bridgeman,United States
60005,Ryan Burnett,United States
60006,Ben Carr,United States
60008,Ford Clegg,USA
60009,Reid Davenport,USA
60011,Aman Gupta,USA
60013,Joe Highsmith-DO NOT USE,United States
60014,Carson Lundell,USA
60015,Logan McAllister,United States
60018,Cameron Sisk,USA
60019,Jackson Suber,United States
60020,Johnny Travale,CAN
60021,Patrick Welch,United States
60065,Ryan Hall,United States
60067,Joe Highsmith,United States
60068,Khavish Varadan,United States
60073,Martin Couvra,France
60084,Greg Dalziel,Scotland
60111,Charlie Hillier,New Zealand
60146,"Gregory Odom, Jr.",USA
60165,Jose Luis Ballester,Spain
60167,Andrew Stephens,USA
60203,Jon Mayer,USA
60210,Michael Graboyes,USA
60215,Alex Lee,USA
60222,Austin Wylie,USA
60262,Pierre Viallaneix,France
60328,Cam Kellett,CAN
60365,Charles Porter,United States
60369,Sam Bairstow,England
60370,Daniel Croft,ENG
60371,Laird Shepherd,ENG
60386,Sudarshan Yellamaraju,Canada
60405,Bastien Amat,FRA
60422,Enrique Marin Santander,ESP
60436,Justin Kim,USA
60495,Davis Bryant,United States
60499,Luis Carrera,Mexico
60511,Austin Duncan,USA
60518,Luke Gifford,USA
60531,Derek Hitchner,United States
60547,Tommy Kuhl,USA
60564,Ethan Ng,USA
60567,Harrison Ott,USA
60586,Isaac Simmons,USA
60591,James Song,USA
60594,James Swash,ENG
60602,Callan Barrow,England
60685,Andrew Beckler,USA
60730,Matt Vick,USA
60736,Tobias Jonsson,Sweden
60750,Mark Goetz,United States
60767,"Blaine Hale, Jr.",United States
60772,Gilbert Mendez,USA
60792,Taylor Durham,CAN
60795,Frank Kennedy,England
60853,Ryan Alford,USA
60865,"Mark Lawrence, Jr",USA
60879,Jake Sollon,USA
60882,Thomas Rosenmueller,Germany
60895,Kris Kim,ENG
60896,Jack Cope,England
60975,Michael Duncan,USA
60978,James Meyer de Beco,Belgium
61005,Max Schliesing,SUI
61065,Brandon Bingaman,USA
61081,Rintaro Nakano,JPN
61107,Lars Van Der Vight,Netherlands
61143,Austin Greaser,United States
61145,Cohen Trolio,USA
61148,Kota Kaneko,Japan
61193,David Puig,Spain
61220,Alex Goff,USA
61232,Chaka DeSilva,BER
61233,Damian Palanyandi,BER
61234,Brian Morris,BER
61256,Tim Cantwell,USA
61276,Christiaan Maas,South Africa
61352,J.P. Griffin,USA
61412,Nelly Korda,United States
61431,Yanhan Zhou,People’s Rep of China
61434,Sarut Vongchaisit,Thailand
61452,Ryan Ang,Singapore
61520,Santiago de la Fuente,Mexico
61522,Michael Brennan,United States
61533,Phoenix Campbell,Australia
61534,Jeffrey Guan,AUS
61560,Aaron Jarvis,CAY
62704,Shaurya Bhattacharya,India
62747,Sejung Hiramoto,Japan
62808,Parker Holekamp,USA
62844,Tim Feenstra,USA
62845,Austin Hurt,USA
62846,Colin Inglis,USA
62847,Nic Ishee,USA
62848,Zac Oakley,USA
62867,Jens Kristian Thysted,Denmark
62904,Harrison Gilbert,Australia
63011,Quinn Riley,USA
63120,Ben Lorenz,USA
63121,William Mouw,United States
63123,Travis Vick,USA
63125,Dylan Menante,United States
63126,Beau Forest,USA
63158,Brandon Kewalramani,United States
63162,Quim Vidal,Spain
63181,Braden Shattuck,USA
63185,Sangha Park,KOR
63196,Wenyi Ding,People’s Rep of China
63307,Nathan Petronzio,USA
63342,Barclay Brown,England
63343,Aldrich Potgieter,South Africa
63350,Albert Boneta,Spain
63371,Chanmin Jung,Republic of Korea
63444,Peyton Callens,CAN
63451,Bryce Lewis,United States
63454,Johnny Keefer,United States
63455,Ross Steelman,United States
63457,Palmer Jackson,United States
63458,Chisato Takamiya,Japan
63459,Dan Bradbury,England
63541,Thomas Ponder,United States
63544,Patrick Sheehan,United States
63548,Chase Sienkiewicz,United States
63552,Daniel Azallion,USA
63554,Dillon Stewart,United States
63568,Calum Scott,SCO
63613,Jake Mcgoldrick,England
63617,Ryggs Johnston,United States
63659,Joseph Hanko,USA
63671,William Knauth,USA
63727,Leo Maruo,Japan
63764,Tyler Leach,USA
63766,William Moll,United States
63767,Chaz Aurilia,USA
63768,Harrison Kingsley,USA
63774,Caleb Hicks,USA
63776,Jack Wall,USA
63805,Alex Vogelsong,USA
63806,Hunter Logan,USA
63807,Neal Shipley,United States
63808,Carl Jano Corpus,Philippines
63818,Jonathan Broomhead,South Africa
63823,Natthapatr Kaewpiboon,Thailand
63931,Daniel Bennett,RSA
63958,Taylor Lowe,USA
63964,Derek Deminsky,USA
64033,Luis Masaveu,Spain
64048,Jak Carter,Australia
64052,Angel Ayora,Spain
64053,Nick Jones,BER
64054,Caleb Surratt,United States
64136,Jesse Massie,USA
64137,Yuki Moriyama,Japan
64266,Michael Castillo,USA
64267,Blaze Akana,USA
64431,David Nyfjall,SWE
64442,Gordon Sargent,United States
64457,Diego Saavedra-Davila,PUR
64487,Danny Fisher,United States
64496,Ben Henkel,Australia
64526,Declan O'Donovan,Australia
64561,Alejandro Madariaga,Mexico
64575,Jeeno Thitikul,Thailand
64576,Nick Gabrelcik,United States
64577,Kyle Maxwell,USA
64594,Angel Hidalgo Portillo,ESP
64624,Tommy Morrison,USA
64690,Omar Morales,MEX
64692,Erich Fortlage,PAR
64693,Matthew Riedel,United States
64738,Jan Schneider,Germany
64751,Eric Rolland,USA
64753,Chris Sanger,USA
64754,Matt Cahill,USA
64755,Russell Grove,USA
64803,Leona Maguire,Ireland
64804,Megan Khang,United States
64810,Andrea Lee,United States
64812,Cheyenne Knight,United States
64815,Charley Hull,England
64818,Allisen Corpuz,United States
64826,Celine Boutier,France
64828,Lilia Vu,United States
64831,Rose Zhang,United States
64832,Jennifer Kupcho,United States
64846,Angel Yin,United States
64854,Jessica Korda,United States
64863,Madelene Sagstrom,Sweden
64905,Maja Stark,Sweden
64912,Mel Reid,England
64917,Patty Tavatanakit,Thailand
64925,Gabriela Ruffels,Australia
64939,Shota Yosimoto,Japan
65018,Jake Hall,USA
65069,Dylan Brack,USA
65071,Tiger Christensen,GER
65110,Brendan Valdes,United States
65115,Shu Fukuzumi,Japan
65135,Jay Giannetto,USA
65143,Ruoning Yin,China
65229,Rocco Paolo Repetto Taylor,Spain
65252,Kyle Martin,USA
65256,David Ford,United States
65280,Niklas Norgaard,DEN
65310,Anders Larson,USA
65312,Charlie Flynn,USA
65344,Trey Cox,USA
65373,Alex Maguire,IRL
65374,Brandon Robinson Thompson,England
65408,Barend Botha,South Africa
65410,John Marshall Butler,United States
65417,Connor Creasy,USA
65418,Charlie Crockett,England
65422,Drew Doyle,United States
65423,Egor Eroshenko,
65426,Caden Fioroni,United States
65432,Mason Greene,United States
65443,Caleb VanArragon,United States
65460,Robbie Higgins,USA
65462,John Houchin,USA
65463,John Houk,USA
65464,Cameron Huss,USA
65465,Connor Jones,USA
65466,Max Kennedy,Ireland
65469,Riley Lewis,United States
65479,Jack Lundin,United States
65496,Cole Sherwood,United States
65502,Tyran Snyders,South Africa
65505,Nate Stember,USA
65529,Liam Nolan,Ireland
65545,Dawson Jones,USA
65547,Zac Jones,USA
65562,Randall Hudson,USA
65574,Zach Reuland,USA
65577,Owen Stamper,United States
65580,Ben Warian,USA
65587,Andre Chi,USA
65825,Joshua Berry,England
65871,Thomas Avant,USA
65880,Gunnar Broin,USA
65955,Matthew Watkins,USA
65994,Joe Sullivan,ENG
65996,Lance Yates,USA
66004,Oscar Couilleau,FRA
66035,Jake Peacock,USA
66063,Altin van der Merwe,South Africa
66095,Bowen Chai,People’s Rep of China
66098,Billy Davis,USA
66099,Thomas Power Horan,AUS
66106,Jaime Montojo,ESP
66121,Oliver Betschart,BER
66122,Scott Roy,BER
66144,Maxwell Ford,USA
66190,Steve Bogdanoff,USA
66246,Kelvin Hernandez,PUR
66247,Gareth Steyn,AUS
66248,Justin Hastings,Cayman Islands
66249,Evan Pena,PUR
66282,José Cristóbal Islas,Mexico
66290,Miles Russell,USA
66343,Alex Welch,USA
66346,Bryan Kim,USA
66382,Lottie Woad,England
66415,Ryan Abbate,USA
66416,Preston Stout,USA
66417,Blades Brown,United States
66447,Taisei Nagasaki,JPN
66506,Josh Bevell,USA
66552,Rayhan Thomas,India
66562,Justin Matthews,CAN
66583,Taisei Shimizu,Japan
66609,Cole Rueck,USA
66624,Parker Bell,USA
66630,Beck Burnette,USA
66633,Lauren Coughlin,United States
66651,Jakob Chicoyne,CAN
66699,Pat Steffes,USA
66701,Jackson Koivun,United States
66742,Jackson Buchanan,United States
66743,Luke Clanton,United States
66744,Colin Prater,USA
66745,Wells Williams,USA
66862,Patrick Pockels,USA
67090,Dominic Clemons,ENG
67091,Matthew Adams,USA
67092,Matthew Dodd-Berry,ENG
67116,Baron Szeto,USA
67118,Kihei Akina,USA
67137,Tony Chen,Australia
67142,Drew Goodman,United States
67143,Carson Bacha,United States
67145,Cameron Adam,Scotland
67197,Pablo Ereno Perez,Spain
67198,Sebastian Moss,USA
67202,Luke Gutschewski,United States
67203,Trevor Gutschewski,USA
67304,Nathan Franks,United States
67352,Shubham Jaglan,India
67358,Greyson Leach,USA
67360,Brantley Scott,United States
67386,Carson Herron,USA
67428,Hunter Thomson,CAN
67513,Javier Barcos Garbayo,Spain
67514,Richard Teder,EST
67607,Kye Meeks,USA
67652,Mao Matsuyama,JPN
67704,Marshall Meisel,USA
67705,Scotty Kennon,USA
67803,Bowen Mauss,USA
67894,Jacob Modleski,USA
67971,Cavin McCall,USA
67986,Tyler Loree,USA
67988,Kelly Welsh,USA
67989,Grant Landry,USA
68002,Gerardo Gomez,MEX
68003,Leandro Mihaich,ARG
68020,Connor Williams,USA
68021,Reinaldo Simoni,PUR
68022,Gustavo Rangel,PUR
68084,Noah Kent,USA
68111,Bryan Newman,RSA
68159,Connor Doyal,USA
68228,Agustin Segundo Oliva DO NOT USE Pinto,Argentina
68272,Tyler Mawhinney,USA
68284,Rodrigo Huerta,DOM
68351,Rupe Taylor,USA
68352,Jackson Byrd,USA
68384,Michael La Sasso,USA
68584,Matthew Javier,CAN
68606,Frankie Harris,USA
68607,Mason Howell,USA
68608,Bryan Lee,USA
68610,Zach Pollo,USA
68612,Tyler Weaver,ENG
68613,Matt Vogt,USA
68614,Lance Simpson,USA
68831,Hongtaek Kim,KOR
68932,Ethan Fang,USA
68934,Sebastian Cave,DEN
68982,Carson Johnson,USA
68984,Frazer Jones,DEN
69052,Max Herendeen,USA
69500,Tyler Watts,USA
69503,Tyler Wilkes,USA
69738,David Liechty,USA
69781,Matt Sanders,USA
69866,Will Haddrell,BER
69889,Andrew Zielinski,USA
69890,Emilio Gil Leyva,MEX
69903,Hogan Park,USA
70036,Anson Cabello,USA
70106,Carson Bertagnole,USA
70145,Mateo Pulcini,ARG
70146,Fifa Laopakdee,THA
70147,Brandon Holtz,USA
70148,Jackson Herrington,USA
95001,Yin / Hoge,
95002,Stark / Shipley,
95003,Khang / Mitchell,
95004,Coughlin / Novak,
95005,Zhang / Kim,
95006,Korda / Cauley,
95007,Lee / Horschel,
95008,Kupcho / Gotterup,
95009,Woad / Clanton,
95010,Vu / List,
95011,Korda / McCarthy,
95012,Henderson / Conners,
95013,Vu / Finau,
95014,Thompson / Clark,
95015,Ko / Day,
95016,Tavatanakit / Knapp,
95017,Hull / Brennan,
95018,Korda / Berger,
95101,Reid / Henley,
95102,Corpuz / Champ,
95103,Maguire / Glover,
95104,Sagstrom / Åberg,
95105,Zhang / Theegala,
95106,Vu / Dahmen,
95107,Khang / McCarthy,
95108,Knight / Hoge,
95109,Henderson / Conners,
95110,Yin / Taylor,
95111,Lee / Horschel,
95112,Boutier / English,
95113,Ko / Day,
95114,Hull / Rose,
95115,Korda / Finau,
95116,Thompson / Fowler,