tournament_id,event_id,tournament_name,season_year,start_date,end_date,course_id,purse
R2021002,R2021002,The American Express,2021,2021-01-21,2021-01-24,704,
R2021003,R2021003,Waste Management Phoenix Open,2021,2021-02-04,2021-02-07,510,
R2021004,R2021004,Farmers Insurance Open,2021,2021-01-28,2021-01-31,004,
R2021005,R2021005,AT&T Pebble Beach Pro-Am,2021,2021-02-11,2021-02-14,005,
R2021006,R2021006,Sony Open in Hawaii,2021,2021-01-14,2021-01-17,006,
R2021007,R2021007,The Genesis Invitational,2021,2021-02-18,2021-02-21,500,
R2021009,R2021009,Arnold Palmer Invitational presented by Mastercard,2021,2021-03-04,2021-03-07,009,
R2021010,R2021010,The Honda Classic,2021,2021-03-18,2021-03-21,734,
R2021011,R2021011,THE PLAYERS Championship,2021,2021-03-11,2021-03-14,011,
R2021012,R2021012,RBC Heritage,2021,2021-04-15,2021-04-18,012,
R2021013,R2021013,Wyndham Championship,2021,2021-08-12,2021-08-15,752,
R2021014,R2021014,Masters Tournament (2020),2021,2020-11-12,2020-11-15,014,
R2021016,R2021016,Sentry Tournament of Champions,2021,2021-01-07,2021-01-10,656,
R2021018,R2021018,Zurich Classic of New Orleans,2021,2021-04-22,2021-04-25,714,
R2021019,R2021019,AT&T Byron Nelson,2021,2021-05-13,2021-05-16,894,
R2021020,R2021020,Vivint Houston Open,2021,2020-11-05,2020-11-08,897,
R2021021,R2021021,Charles Schwab Challenge,2021,2021-05-27,2021-05-30,021,
R2021023,R2021023,the Memorial Tournament presented by Nationwide,2021,2021-06-03,2021-06-06,023,
R2021026,R2021026,U.S. Open (2020),2021,2020-09-17,2020-09-20,891,
R2021027,R2021027,THE NORTHERN TRUST,2021,2021-08-19,2021-08-22,886,
R2021028,R2021028,BMW Championship,2021,2021-08-26,2021-08-29,882,
R2021030,R2021030,John Deere Classic,2021,2021-07-08,2021-07-11,669,
R2021033,R2021033,PGA Championship,2021,2021-05-20,2021-05-23,697,
R2021034,R2021034,Travelers Championship,2021,2021-06-24,2021-06-27,503,
R2021041,R2021041,Valero Texas Open,2021,2021-04-01,2021-04-04,770,
R2021047,R2021047,Shriners Hospitals for Children Open,2021,2020-10-08,2020-10-11,538,
R2021054,R2021054,Sanderson Farms Championship,2021,2020-10-01,2020-10-04,746,
R2021058,R2021058,QBE Shootout,2021,2020-12-11,2020-12-13,678,
R2021060,R2021060,TOUR Championship,2021,2021-09-02,2021-09-05,688,
R2021100,R2021100,The Open Championship,2021,2021-07-15,2021-07-18,778,
R2021457,R2021457,Mayakoba Golf Classic presented by UNIFIN,2021,2020-12-03,2020-12-06,733,
R2021464,R2021464,Safeway Open,2021,2020-09-10,2020-09-13,552,
R2021470,R2021470,World Golf Championships-Dell Technologies Match Play,2021,2021-03-24,2021-03-28,185,
R2021472,R2021472,Barracuda Championship,2021,2021-08-05,2021-08-08,890,
R2021473,R2021473,World Golf Championships-Workday Championship at The Concession,2021,2021-02-25,2021-02-28,898,
R2021475,R2021475,Valspar Championship,2021,2021-04-29,2021-05-02,665,
R2021476,R2021476,World Golf Championships-FedEx St. Jude Invitational,2021,2021-08-05,2021-08-08,513,
R2021480,R2021480,Wells Fargo Championship,2021,2021-05-06,2021-05-09,872,
R2021483,R2021483,Puerto Rico Open,2021,2021-02-25,2021-02-28,742,
R2021493,R2021493,The RSM Classic,2021,2020-11-19,2020-11-22,776,
R2021518,R2021518,Barbasol Championship,2021,2021-07-15,2021-07-18,884,
R2021519,R2021519,Olympic Men's Golf Competition,2021,2021-07-29,2021-08-01,887,
R2021521,R2021521,THE CJ CUP @ SHADOW CREEK,2021,2020-10-15,2020-10-18,878,
R2021522,R2021522,Corales Puntacana Resort & Club Championship (2020),2021,2020-09-24,2020-09-27,244,
R2021524,R2021524,Rocket Mortgage Classic,2021,2021-07-01,2021-07-04,876,
R2021525,R2021525,3M Open,2021,2021-07-22,2021-07-25,883,
R2021527,R2021527,ZOZO CHAMPIONSHIP @ SHERWOOD,2021,2020-10-22,2020-10-25,881,
R2021528,R2021528,Bermuda Championship,2021,2020-10-29,2020-11-01,765,
R2021534,R2021534,Corales Puntacana Resort & Club Championship (2021),2021,2021-03-25,2021-03-28,244,
R2021535,R2021535,U.S. Open (2021),2021,2021-06-17,2021-06-20,744,
R2021536,R2021536,Masters Tournament (2021),2021,2021-04-08,2021-04-11,014,
R2021538,R2021538,Palmetto Championship at Congaree,2021,2021-06-10,2021-06-13,902,
R2022002,R2022002,The American Express,2022,2022-01-20,2022-01-23,704,
R2022003,R2022003,WM Phoenix Open,2022,2022-02-10,2022-02-13,510,
R2022004,R2022004,Farmers Insurance Open,2022,2022-01-26,2022-01-29,004,
R2022005,R2022005,AT&T Pebble Beach Pro-Am,2022,2022-02-03,2022-02-06,005,
R2022006,R2022006,Sony Open in Hawaii,2022,2022-01-13,2022-01-16,006,
R2022007,R2022007,The Genesis Invitational,2022,2022-02-17,2022-02-20,500,
R2022009,R2022009,Arnold Palmer Invitational presented by Mastercard,2022,2022-03-03,2022-03-06,009,
R2022010,R2022010,The Honda Classic,2022,2022-02-24,2022-02-27,734,
R2022011,R2022011,THE PLAYERS Championship,2022,2022-03-10,2022-03-13,011,
R2022012,R2022012,RBC Heritage,2022,2022-04-14,2022-04-17,012,
R2022013,R2022013,Wyndham Championship,2022,2022-08-04,2022-08-07,752,
R2022014,R2022014,Masters Tournament,2022,2022-04-07,2022-04-10,014,
R2022016,R2022016,Sentry Tournament of Champions,2022,2022-01-06,2022-01-09,656,
R2022018,R2022018,Zurich Classic of New Orleans,2022,2022-04-21,2022-04-24,714,
R2022019,R2022019,AT&T Byron Nelson,2022,2022-05-12,2022-05-15,894,
R2022020,R2022020,Hewlett Packard Enterprise Houston Open,2022,2021-11-11,2021-11-14,897,
R2022021,R2022021,Charles Schwab Challenge,2022,2022-05-26,2022-05-29,021,
R2022023,R2022023,the Memorial Tournament presented by Workday,2022,2022-06-02,2022-06-05,023,
R2022026,R2022026,U.S. Open,2022,2022-06-16,2022-06-19,654,
R2022027,R2022027,FedEx St. Jude Championship,2022,2022-08-11,2022-08-14,513,
R2022028,R2022028,BMW Championship,2022,2022-08-18,2022-08-21,901,
R2022030,R2022030,John Deere Classic,2022,2022-06-30,2022-07-03,669,
R2022032,R2022032,RBC Canadian Open,2022,2022-06-09,2022-06-12,772,
R2022033,R2022033,PGA Championship,2022,2022-05-19,2022-05-22,611,
R2022034,R2022034,Travelers Championship,2022,2022-06-23,2022-06-26,503,
R2022041,R2022041,Valero Texas Open,2022,2022-03-31,2022-04-03,770,
R2022047,R2022047,Shriners Children's Open,2022,2021-10-07,2021-10-10,538,
R2022054,R2022054,Sanderson Farms Championship,2022,2021-09-30,2021-10-03,746,
R2022058,R2022058,QBE Shootout,2022,2021-12-10,2021-12-12,678,
R2022060,R2022060,TOUR Championship,2022,2022-08-25,2022-08-28,688,
R2022100,R2022100,The Open Championship,2022,2022-07-14,2022-07-17,668,
R2022457,R2022457,World Wide Technology Championship at Mayakoba,2022,2021-11-04,2021-11-07,733,
R2022464,R2022464,Fortinet Championship,2022,2021-09-16,2021-09-19,552,
R2022468,R2022468,Ryder Cup,2022,2021-09-24,2021-09-26,904,
R2022470,R2022470,World Golf Championships-Dell Technologies Match Play,2022,2022-03-23,2022-03-27,185,
R2022472,R2022472,Barracuda Championship,2022,2022-07-14,2022-07-17,890,
R2022475,R2022475,Valspar Championship,2022,2022-03-17,2022-03-20,665,
R2022478,R2022478,Hero World Challenge,2022,2021-12-02,2021-12-05,232,
R2022480,R2022480,Wells Fargo Championship,2022,2022-05-05,2022-05-08,237,
R2022483,R2022483,Puerto Rico Open,2022,2022-03-03,2022-03-06,742,
R2022493,R2022493,The RSM Classic,2022,2021-11-18,2021-11-21,776,
R2022518,R2022518,Barbasol Championship,2022,2022-07-07,2022-07-10,884,
R2022521,R2022521,THE CJ CUP @ SUMMIT,2022,2021-10-14,2021-10-17,899,
R2022522,R2022522,Corales Puntacana Championship,2022,2022-03-24,2022-03-27,244,
R2022524,R2022524,Rocket Mortgage Classic,2022,2022-07-28,2022-07-31,876,
R2022525,R2022525,3M Open,2022,2022-07-21,2022-07-24,883,
R2022527,R2022527,ZOZO CHAMPIONSHIP,2022,2021-10-21,2021-10-24,875,
R2022528,R2022528,Butterfield Bermuda Championship,2022,2021-10-28,2021-10-31,765,
R2022540,R2022540,Mexico Open at Vidanta,2022,2022-04-28,2022-05-01,978,
R2022541,R2022541,Genesis Scottish Open,2022,2022-07-07,2022-07-10,977,
R2023002,R2023002,The American Express,2023,2023-01-19,2023-01-22,704,
R2023003,R2023003,WM Phoenix Open,2023,2023-02-09,2023-02-12,510,
R2023004,R2023004,Farmers Insurance Open,2023,2023-01-25,2023-01-28,004,
R2023005,R2023005,AT&T Pebble Beach Pro-Am,2023,2023-02-02,2023-02-05,005,
R2023006,R2023006,Sony Open in Hawaii,2023,2023-01-12,2023-01-15,006,
R2023007,R2023007,The Genesis Invitational,2023,2023-02-16,2023-02-19,500,
R2023009,R2023009,Arnold Palmer Invitational presented by Mastercard,2023,2023-03-02,2023-03-05,009,
R2023010,R2023010,The Honda Classic,2023,2023-02-23,2023-02-26,734,
R2023011,R2023011,THE PLAYERS Championship,2023,2023-03-09,2023-03-12,011,
R2023012,R2023012,RBC Heritage,2023,2023-04-13,2023-04-16,012,
R2023013,R2023013,Wyndham Championship,2023,2023-08-03,2023-08-06,752,
R2023014,R2023014,Masters Tournament,2023,2023-04-06,2023-04-09,014,
R2023016,R2023016,Sentry Tournament of Champions,2023,2023-01-05,2023-01-08,656,
R2023018,R2023018,Zurich Classic of New Orleans,2023,2023-04-20,2023-04-23,714,
R2023019,R2023019,AT&T Byron Nelson,2023,2023-05-11,2023-05-14,921,
R2023020,R2023020,Cadence Bank Houston Open,2023,2022-11-10,2022-11-13,897,
R2023021,R2023021,Charles Schwab Challenge,2023,2023-05-25,2023-05-28,021,
R2023023,R2023023,the Memorial Tournament presented by Workday,2023,2023-06-01,2023-06-04,023,
R2023026,R2023026,U.S. Open,2023,2023-06-15,2023-06-18,043,
R2023027,R2023027,FedEx St. Jude Championship,2023,2023-08-10,2023-08-13,513,
R2023028,R2023028,BMW Championship,2023,2023-08-17,2023-08-20,896,
R2023030,R2023030,John Deere Classic,2023,2023-07-06,2023-07-09,669,
R2023032,R2023032,RBC Canadian Open,2023,2023-06-08,2023-06-11,908,
R2023033,R2023033,PGA Championship,2023,2023-05-18,2023-05-21,514,
R2023034,R2023034,Travelers Championship,2023,2023-06-22,2023-06-25,503,
R2023041,R2023041,Valero Texas Open,2023,2023-03-30,2023-04-02,770,
R2023047,R2023047,Shriners Children's Open,2023,2022-10-06,2022-10-09,538,
R2023054,R2023054,Sanderson Farms Championship,2023,2022-09-29,2022-10-02,746,
R2023058,R2023058,QBE Shootout,2023,2022-12-09,2022-12-11,678,
R2023060,R2023060,TOUR Championship,2023,2023-08-24,2023-08-27,688,
R2023088,R2023088,PGA TOUR Q-School presented by Korn Ferry,2023,2023-12-14,2023-12-17,922,
R2023100,R2023100,The Open Championship,2023,2023-07-20,2023-07-23,923,
R2023457,R2023457,World Wide Technology Championship,2023,2022-11-03,2022-11-06,733,
R2023464,R2023464,Fortinet Championship,2023,2022-09-15,2022-09-18,552,
R2023468,R2023468,Ryder Cup,2023,2023-09-29,2023-10-01,918,
R2023470,R2023470,World Golf Championships-Dell Technologies Match Play,2023,2023-03-22,2023-03-26,185,
R2023472,R2023472,Barracuda Championship,2023,2023-07-20,2023-07-23,890,
R2023475,R2023475,Valspar Championship,2023,2023-03-16,2023-03-19,665,
R2023478,R2023478,Hero World Challenge,2023,2022-12-01,2022-12-04,232,
R2023480,R2023480,Wells Fargo Championship,2023,2023-05-04,2023-05-07,872,
R2023483,R2023483,Puerto Rico Open,2023,2023-03-02,2023-03-05,742,
R2023493,R2023493,The RSM Classic,2023,2022-11-17,2022-11-20,776,
R2023500,R2023500,Presidents Cup,2023,2022-09-22,2022-09-25,907,
R2023518,R2023518,Barbasol Championship,2023,2023-07-13,2023-07-16,884,
R2023521,R2023521,THE CJ CUP in South Carolina,2023,2022-10-20,2022-10-23,902,
R2023522,R2023522,Corales Puntacana Championship,2023,2023-03-23,2023-03-26,244,
R2023524,R2023524,Rocket Mortgage Classic,2023,2023-06-29,2023-07-02,876,
R2023525,R2023525,3M Open,2023,2023-07-27,2023-07-30,883,
R2023527,R2023527,ZOZO CHAMPIONSHIP,2023,2022-10-13,2022-10-16,875,
R2023528,R2023528,Butterfield Bermuda Championship,2023,2022-10-27,2022-10-30,765,
R2023540,R2023540,Mexico Open at Vidanta,2023,2023-04-27,2023-04-30,978,
R2023541,R2023541,Genesis Scottish Open,2023,2023-07-13,2023-07-16,977,
R2023543,R2023543,Fortinet Championship,2023,2023-09-14,2023-09-17,926,
R2023544,R2023544,Sanderson Farms Championship,2023,2023-10-05,2023-10-08,746,
R2023545,R2023545,Shriners Children's Open,2023,2023-10-12,2023-10-15,538,
R2023546,R2023546,ZOZO CHAMPIONSHIP,2023,2023-10-19,2023-10-22,875,
R2023547,R2023547,World Wide Technology Championship,2023,2023-11-02,2023-11-05,919,
R2023548,R2023548,Butterfield Bermuda Championship,2023,2023-11-09,2023-11-12,765,
R2023549,R2023549,The RSM Classic,2023,2023-11-16,2023-11-19,776,
R2023550,R2023550,Hero World Challenge,2023,2023-11-30,2023-12-03,232,
R2023551,R2023551,Grant Thornton Invitational,2023,2023-12-08,2023-12-10,920,
R2024002,R2024002,The American Express,2024,2024-01-18,2024-01-21,704,
R2024003,R2024003,WM Phoenix Open,2024,2024-02-08,2024-02-11,510,
R2024004,R2024004,Farmers Insurance Open,2024,2024-01-24,2024-01-27,004,
R2024005,R2024005,AT&T Pebble Beach Pro-Am,2024,2024-02-01,2024-02-04,005,
R2024006,R2024006,Sony Open in Hawaii,2024,2024-01-11,2024-01-14,006,
R2024007,R2024007,The Genesis Invitational,2024,2024-02-15,2024-02-18,500,
R2024009,R2024009,Arnold Palmer Invitational presented by Mastercard,2024,2024-03-07,2024-03-10,009,
R2024010,R2024010,Cognizant Classic in The Palm Beaches,2024,2024-02-29,2024-03-03,928,
R2024011,R2024011,THE PLAYERS Championship,2024,2024-03-14,2024-03-17,011,
R2024012,R2024012,RBC Heritage,2024,2024-04-18,2024-04-21,012,
R2024013,R2024013,Wyndham Championship,2024,2024-08-08,2024-08-11,752,
R2024014,R2024014,Masters Tournament,2024,2024-04-11,2024-04-14,014,
R2024016,R2024016,The Sentry,2024,2024-01-04,2024-01-07,656,
R2024018,R2024018,Zurich Classic of New Orleans,2024,2024-04-25,2024-04-28,714,
R2024019,R2024019,THE CJ CUP Byron Nelson,2024,2024-05-02,2024-05-05,921,
R2024020,R2024020,Texas Children's Houston Open,2024,2024-03-28,2024-03-31,897,
R2024021,R2024021,Charles Schwab Challenge,2024,2024-05-23,2024-05-26,021,
R2024023,R2024023,the Memorial Tournament presented by Workday,2024,2024-06-06,2024-06-09,023,
R2024026,R2024026,U.S. Open,2024,2024-06-13,2024-06-16,528,
R2024027,R2024027,FedEx St. Jude Championship,2024,2024-08-15,2024-08-18,513,
R2024028,R2024028,BMW Championship,2024,2024-08-22,2024-08-25,406,
R2024030,R2024030,John Deere Classic,2024,2024-07-04,2024-07-07,669,
R2024032,R2024032,RBC Canadian Open,2024,2024-05-30,2024-06-02,874,
R2024033,R2024033,PGA Championship,2024,2024-05-16,2024-05-19,671,
R2024034,R2024034,Travelers Championship,2024,2024-06-20,2024-06-23,503,
R2024041,R2024041,Valero Texas Open,2024,2024-04-04,2024-04-07,770,
R2024047,R2024047,Shriners Children's Open,2024,2024-10-17,2024-10-20,538,
R2024054,R2024054,Sanderson Farms Championship,2024,2024-10-03,2024-10-06,746,
R2024060,R2024060,TOUR Championship,2024,2024-08-29,2024-09-01,933,
R2024088,R2024088,PGA TOUR Q-School presented by Korn Ferry,2024,2024-12-12,2024-12-15,922,
R2024100,R2024100,The Open Championship,2024,2024-07-18,2024-07-21,709,
R2024457,R2024457,World Wide Technology Championship,2024,2024-11-07,2024-11-10,919,
R2024464,R2024464,Procore Championship,2024,2024-09-12,2024-09-15,926,
R2024472,R2024472,Barracuda Championship,2024,2024-07-18,2024-07-21,931,
R2024475,R2024475,Valspar Championship,2024,2024-03-21,2024-03-24,665,
R2024478,R2024478,Hero World Challenge,2024,2024-12-05,2024-12-08,232,
R2024480,R2024480,Wells Fargo Championship,2024,2024-05-09,2024-05-12,872,
R2024483,R2024483,Puerto Rico Open,2024,2024-03-07,2024-03-10,742,
R2024493,R2024493,The RSM Classic,2024,2024-11-21,2024-11-24,776,
R2024500,R2024500,Presidents Cup,2024,2024-09-26,2024-09-29,436,
R2024518,R2024518,ISCO Championship,2024,2024-07-11,2024-07-14,884,
R2024519,R2024519,Men’s Olympic Golf Competition,2024,2024-08-01,2024-08-04,250,
R2024522,R2024522,Corales Puntacana Championship,2024,2024-04-18,2024-04-21,244,
R2024524,R2024524,Rocket Mortgage Classic,2024,2024-06-27,2024-06-30,876,
R2024525,R2024525,3M Open,2024,2024-07-25,2024-07-28,883,
R2024527,R2024527,ZOZO CHAMPIONSHIP,2024,2024-10-24,2024-10-27,875,
R2024528,R2024528,Butterfield Bermuda Championship,2024,2024-11-14,2024-11-17,765,
R2024540,R2024540,Mexico Open at Vidanta,2024,2024-02-22,2024-02-25,978,
R2024541,R2024541,Genesis Scottish Open,2024,2024-07-11,2024-07-14,977,
R2024551,R2024551,Grant Thornton Invitational,2024,2024-12-13,2024-12-15,920,
R2024553,R2024553,Myrtle Beach Classic,2024,2024-05-09,2024-05-12,925,
R2024554,R2024554,Black Desert Championship,2024,2024-10-10,2024-10-13,930,
R2025002,R2025002,The American Express,2025,2025-01-16,2025-01-19,704,
R2025003,R2025003,WM Phoenix Open,2025,2025-02-06,2025-02-09,510,
R2025004,R2025004,Farmers Insurance Open,2025,2025-01-22,2025-01-25,004,
R2025005,R2025005,AT&T Pebble Beach Pro-Am,2025,2025-01-30,2025-02-02,005,
R2025006,R2025006,Sony Open in Hawaii,2025,2025-01-09,2025-01-12,006,
R2025007,R2025007,The Genesis Invitational,2025,2025-02-13,2025-02-16,939,
R2025009,R2025009,Arnold Palmer Invitational presented by Mastercard,2025,2025-03-06,2025-03-09,009,
R2025010,R2025010,Cognizant Classic in The Palm Beaches,2025,2025-02-27,2025-03-02,928,
R2025011,R2025011,THE PLAYERS Championship,2025,2025-03-13,2025-03-16,011,
R2025012,R2025012,RBC Heritage,2025,2025-04-17,2025-04-20,012,
R2025013,R2025013,Wyndham Championship,2025,2025-07-31,2025-08-03,752,
R2025014,R2025014,Masters Tournament,2025,2025-04-10,2025-04-13,014,
R2025016,R2025016,The Sentry,2025,2025-01-02,2025-01-05,656,
R2025018,R2025018,Zurich Classic of New Orleans,2025,2025-04-24,2025-04-27,714,
R2025019,R2025019,THE CJ CUP Byron Nelson,2025,2025-05-01,2025-05-04,921,
R2025020,R2025020,Texas Children's Houston Open,2025,2025-03-27,2025-03-30,897,
R2025021,R2025021,Charles Schwab Challenge,2025,2025-05-22,2025-05-25,021,
R2025023,R2025023,the Memorial Tournament presented by Workday,2025,2025-05-29,2025-06-01,023,
R2025026,R2025026,U.S. Open,2025,2025-06-12,2025-06-15,608,
R2025027,R2025027,FedEx St. Jude Championship,2025,2025-08-07,2025-08-10,513,
R2025028,R2025028,BMW Championship,2025,2025-08-14,2025-08-17,882,
R2025030,R2025030,John Deere Classic,2025,2025-07-03,2025-07-06,669,
R2025032,R2025032,RBC Canadian Open,2025,2025-06-05,2025-06-08,935,
R2025033,R2025033,PGA Championship,2025,2025-05-15,2025-05-18,241,
R2025034,R2025034,Travelers Championship,2025,2025-06-19,2025-06-22,503,
R2025041,R2025041,Valero Texas Open,2025,2025-04-03,2025-04-06,770,
R2025054,R2025054,Sanderson Farms Championship,2025,2025-10-02,2025-10-05,746,
R2025060,R2025060,TOUR Championship,2025,2025-08-21,2025-08-24,688,
R2025088,R2025088,PGA TOUR Q-School presented by Korn Ferry,2025,2025-12-11,2025-12-14,922,
R2025100,R2025100,The Open Championship,2025,2025-07-17,2025-07-20,885,
R2025457,R2025457,World Wide Technology Championship,2025,2025-11-06,2025-11-09,919,
R2025464,R2025464,Procore Championship,2025,2025-09-11,2025-09-14,926,
R2025468,R2025468,Ryder Cup,2025,2025-09-26,2025-09-28,689,
R2025472,R2025472,Barracuda Championship,2025,2025-07-17,2025-07-20,931,
R2025475,R2025475,Valspar Championship,2025,2025-03-20,2025-03-23,665,
R2025478,R2025478,Hero World Challenge,2025,2025-12-04,2025-12-07,232,
R2025480,R2025480,Truist Championship,2025,2025-05-08,2025-05-11,379,
R2025483,R2025483,Puerto Rico Open,2025,2025-03-06,2025-03-09,940,
R2025493,R2025493,The RSM Classic,2025,2025-11-20,2025-11-23,776,
R2025518,R2025518,ISCO Championship,2025,2025-07-10,2025-07-13,934,
R2025522,R2025522,Corales Puntacana Championship,2025,2025-04-17,2025-04-20,244,
R2025524,R2025524,Rocket Classic,2025,2025-06-26,2025-06-29,876,
R2025525,R2025525,3M Open,2025,2025-07-24,2025-07-27,883,
R2025527,R2025527,Baycurrent Classic,2025,2025-10-09,2025-10-12,936,
R2025528,R2025528,Butterfield Bermuda Championship,2025,2025-11-13,2025-11-16,765,
R2025540,R2025540,Mexico Open at VidantaWorld,2025,2025-02-20,2025-02-23,978,
R2025541,R2025541,Genesis Scottish Open,2025,2025-07-10,2025-07-13,977,
R2025551,R2025551,Grant Thornton Invitational,2025,2025-12-12,2025-12-14,920,
R2025553,R2025553,ONEflight Myrtle Beach Classic,2025,2025-05-08,2025-05-11,925,
R2025554,R2025554,Bank of Utah Championship,2025,2025-10-23,2025-10-26,930,
R2026002,R2026002,The American Express,2026,2026-01-22,2026-01-25,704,9200000
R2026003,R2026003,WM Phoenix Open,2026,2026-02-05,2026-02-08,510,9600000
R2026004,R2026004,Farmers Insurance Open,2026,2026-01-29,2026-02-01,004,9600000
R2026005,R2026005,AT&T Pebble Beach Pro-Am,2026,2026-02-12,2026-02-15,005,20000000
R2026006,R2026006,Sony Open in Hawaii,2026,2026-01-15,2026-01-18,006,9100000
R2026007,R2026007,The Genesis Invitational,2026,2026-02-19,2026-02-22,500,20000000
R2026009,R2026009,Arnold Palmer Invitational presented by Mastercard,2026,2026-03-05,2026-03-08,009,20000000
R2026010,R2026010,Cognizant Classic in The Palm Beaches,2026,2026-02-26,2026-03-01,928,9600000
R2026011,R2026011,THE PLAYERS Championship,2026,2026-03-12,2026-03-15,011,25000000
R2026012,R2026012,RBC Heritage,2026,2026-04-16,2026-04-19,012,
R2026013,R2026013,Wyndham Championship,2026,2026-08-06,2026-08-09,752,
R2026014,R2026014,Masters Tournament,2026,2026-04-09,2026-04-12,014,
R2026018,R2026018,Zurich Classic of New Orleans,2026,2026-04-23,2026-04-26,714,
R2026019,R2026019,THE CJ CUP Byron Nelson,2026,2026-05-21,2026-05-24,944,
R2026020,R2026020,Texas Children's Houston Open,2026,2026-03-26,2026-03-29,897,9900000
R2026021,R2026021,Charles Schwab Challenge,2026,2026-05-28,2026-05-31,021,
R2026023,R2026023,the Memorial Tournament presented by Workday,2026,2026-06-04,2026-06-07,023,
R2026026,R2026026,U.S. Open,2026,2026-06-18,2026-06-21,618,
R2026027,R2026027,FedEx St. Jude Championship,2026,2026-08-13,2026-08-16,513,
R2026028,R2026028,BMW Championship,2026,2026-08-20,2026-08-23,679,
R2026030,R2026030,John Deere Classic,2026,2026-07-02,2026-07-05,669,
R2026032,R2026032,RBC Canadian Open,2026,2026-06-11,2026-06-14,935,
R2026033,R2026033,PGA Championship,2026,2026-05-14,2026-05-17,773,
R2026034,R2026034,Travelers Championship,2026,2026-06-25,2026-06-28,503,
R2026041,R2026041,Valero Texas Open,2026,2026-04-02,2026-04-05,770,
R2026060,R2026060,TOUR Championship,2026,2026-08-27,2026-08-30,688,
R2026100,R2026100,The Open Championship,2026,2026-07-16,2026-07-19,541,
R2026457,R2026457,World Wide Technology Championship,2026,2026-11-05,2026-11-08,919,
R2026475,R2026475,Valspar Championship,2026,2026-03-19,2026-03-22,665,9100000
R2026478,R2026478,Hero World Challenge,2026,2026-12-03,2026-12-06,232,
R2026480,R2026480,Truist Championship,2026,2026-05-07,2026-05-10,872,
R2026483,R2026483,Puerto Rico Open,2026,2026-03-05,2026-03-08,940,4000000
R2026493,R2026493,The RSM Classic,2026,2026-11-19,2026-11-22,776,
R2026500,R2026500,Presidents Cup,2026,2026-09-24,2026-09-27,348,
R2026518,R2026518,ISCO Championship,2026,2026-07-09,2026-07-12,934,
R2026522,R2026522,Corales Puntacana Championship,2026,2026-07-16,2026-07-19,244,
R2026524,R2026524,Rocket Classic,2026,2026-07-30,2026-08-02,876,
R2026525,R2026525,3M Open,2026,2026-07-23,2026-07-26,883,
R2026527,R2026527,Baycurrent Classic,2026,2026-10-08,2026-10-11,936,
R2026528,R2026528,Butterfield Bermuda Championship,2026,2026-10-22,2026-10-25,765,
R2026540,R2026540,VidantaWorld Mexico Open,2026,2026-10-29,2026-11-01,978,
R2026541,R2026541,Genesis Scottish Open,2026,2026-07-09,2026-07-12,977,
R2026551,R2026551,Grant Thornton Invitational,2026,2026-12-11,2026-12-13,920,
R2026553,R2026553,ONEflight Myrtle Beach Classic,2026,2026-05-07,2026-05-10,925,
R2026554,R2026554,Bank of Utah Championship,2026,2026-10-01,2026-10-04,930,
R2026556,R2026556,Cadillac Championship,2026,2026-04-30,2026-05-03,008,
R2026557,R2026557,Biltmore Championship Asheville,2026,2026-09-17,2026-09-20,942,
R2026558,R2026558,Good Good Championship,2026,2026-11-12,2026-11-15,943,